victim_domain,post_date,month,archive,country_hint,data_exfiltrated,data_types,total_size,size_gb,revenue_usd,on_leak_site
BORING.COM,2026-01-12,2026-01,ARCHIVE12,,,,,,,yes
MUTTI-PARMA.COM,2026-01-12,2026-01,ARCHIVE12,,,,,,,yes
CPJ.ORG,2026-01-12,2026-01,ARCHIVE12,,,,,,,yes
BRINKS.CO.NZ,2026-01-21,2026-01,ARCHIVE12,,,,,,,yes
KOROLFINANCIAL.COM,2026-01-21,2026-01,ARCHIVE12,,,,,,,yes
TRUSTPAYMENTS.COM,2026-01-21,2026-01,ARCHIVE12,,,,,,,yes
MCMATHLAW.COM,2026-01-21,2026-01,ARCHIVE14,,,,,,,yes
WORKFORCESOFTWARE.COM,2026-01-21,2026-01,ARCHIVE12,,,,,,,yes
KCDWORLDWIDE.COM,2026-01-21,2026-01,ARCHIVE14,,,,,,,yes
ONYXEQUITIES.COM,2026-01-21,2026-01,ARCHIVE12,,,,,,,yes
BUREAUX.FR,2026-01-21,2026-01,ARCHIVE12,France,,,,,,yes
INTEGRITEK.NET,2026-01-21,2026-01,ARCHIVE12,,,,,,,yes
CENTAURPRODUCTS.COM,2026-01-21,2026-01,ARCHIVE12,,,,,,,yes
AERIFY.IO,2026-01-22,2026-01,ARCHIVE12,,,,,,,yes
ECA-USA.COM,2026-01-22,2026-01,ARCHIVE12,,,,,,,yes
WARRANTYFIRST.CO.UK,2026-01-22,2026-01,ARCHIVE12,United Kingdom,,,,,,yes
TOMLLAWYERS.COM,2026-01-22,2026-01,ARCHIVE12,,,,,,,yes
INTEGROY.COM,2026-01-22,2026-01,ARCHIVE12,,,,,,,yes
ITROBOTICS.COM,2026-01-22,2026-01,ARCHIVE12,,,,,,,yes
MONTALBAARCHITECTS.COM,2026-01-22,2026-01,ARCHIVE12,,,,,,,yes
EASTPLATS.COM,2026-01-22,2026-01,ARCHIVE12,,,,,,,yes
BAQUS.CO.UK,2026-01-22,2026-01,ARCHIVE12,United Kingdom,,,,,,yes
SMITHDALIA.COM,2026-01-22,2026-01,ARCHIVE12,,,,,,,yes
ELKAIR.COM,2026-01-22,2026-01,ARCHIVE12,,,,,,,yes
CCCM.BC.CA,2026-01-25,2026-01,ARCHIVE12,Canada,,,,,,yes
WRENLAWFIRM.COM,2026-01-25,2026-01,ARCHIVE12,,,,,,,yes
LDHRLAW.COM,2026-01-25,2026-01,ARCHIVE12,,,,,,,yes
GENESYSSPINE.COM,2026-01-25,2026-01,ARCHIVE12,,,,,,,yes
HILTON.COM,2026-01-25,2026-01,ARCHIVE12,,,,,,,yes
WEATHER.COM,2026-01-25,2026-01,ARCHIVE12,,,,,,,yes
WHISKIJACKRESORTS.COM,2026-01-25,2026-01,ARCHIVE12,,,,,,,yes
GROUPAMS.CO.UK,2026-01-25,2026-01,ARCHIVE12,United Kingdom,,,,,,yes
RTCCOMPUTERS.COM,2026-01-25,2026-01,ARCHIVE12,,,,,,,yes
TECHNIKEL.CA,2026-01-25,2026-01,ARCHIVE12,Canada,,,,,,yes
KAZMILAW.COM,2026-01-25,2026-01,ARCHIVE12,,,,,,,yes
WFRFIRE.COM,2026-01-25,2026-01,ARCHIVE12,,,,,,,yes
VERTIGORELEASING.COM,2026-01-25,2026-01,ARCHIVE12,,,,,,,yes
BR-ALSETH.NO,2026-01-25,2026-01,ARCHIVE12,,,,,,,yes
4DITSOLUTIONS.COM,2026-01-25,2026-01,ARCHIVE12,,,,,,,yes
VISTA-TRAINING.COM,2026-01-25,2026-01,ARCHIVE12,,,,,,,yes
RSTRT.IT,2026-01-25,2026-01,ARCHIVE12,Italy,,,,,,yes
WILDRIDGELANDSCAPE.COM,2026-01-25,2026-01,ARCHIVE12,,,,,,,yes
MODTECH.CA,2026-01-25,2026-01,ARCHIVE12,Canada,,,,,,yes
INSPYRSOLUTIONS.COM,2026-01-25,2026-01,ARCHIVE12,,,,,,,yes
CLEARWAYGROUP.COM,2026-01-25,2026-01,ARCHIVE12,,,,,,,yes
EXCELAS1.COM,2026-01-25,2026-01,ARCHIVE14,,,,,,,yes
WHOLEIT.COM.AU,2026-01-28,2026-01,ARCHIVE13,Australia,,,,,,yes
SKYEEXCAVATIONS.COM.AU,2026-01-28,2026-01,ARCHIVE13,Australia,,,,,,yes
ROBERTSDESIGNS.COM.AU,2026-01-28,2026-01,ARCHIVE13,Australia,,,,,,yes
Y-ARCHITECTURE.STUDIO,2026-01-28,2026-01,ARCHIVE13,,,,,,,yes
VENTNOR.COM.AU,2026-01-28,2026-01,ARCHIVE13,Australia,,,,,,yes
RMWGROUP.COM.AU,2026-01-28,2026-01,ARCHIVE12,Australia,,,,,,yes
PODIATRYWA.COM.AU,2026-01-28,2026-01,ARCHIVE12,Australia,,,,,,yes
MRAGROUP.COM.AU,2026-01-28,2026-01,ARCHIVE12,Australia,,,,,,yes
THEHALEROAD.COM.AU,2026-01-28,2026-01,ARCHIVE12,Australia,,,,,,yes
ETTOAUSTRALIA.COM,2026-01-28,2026-01,ARCHIVE12,,,,,,,yes
NEXTPHAZE.COM.AU,2026-01-28,2026-01,ARCHIVE12,Australia,,,,,,yes
KLMEQUITIES.COM,2026-01-28,2026-01,ARCHIVE12,,,,,,,yes
NYASPHALT.COM,2026-01-28,2026-01,ARCHIVE12,,,,,,,yes
KRIEGMANANDSMITH.COM,2026-01-28,2026-01,ARCHIVE12,,,,,,,yes
ISLANDOUTPOST.COM,2026-01-28,2026-01,ARCHIVE12,,,,,,,yes
GALEINTL.COM,2026-01-28,2026-01,ARCHIVE12,,,,,,,yes
CENTINELA.COM.BR,2026-01-28,2026-01,ARCHIVE12,Brazil,,,,,,yes
MCKEEGROUP.NET,2026-01-28,2026-01,ARCHIVE12,,,,,,,yes
ESCALI.COM,2026-01-28,2026-01,ARCHIVE12,,,,,,,yes
COBU-ARCH.COM,2026-01-28,2026-01,ARCHIVE12,,,,,,,yes
ARKTLA.ORG,2026-01-28,2026-01,ARCHIVE12,,,,,,,yes
M-B.LAW,2026-01-28,2026-01,ARCHIVE12,,,,,,,yes
KVHELI.WORDPRESS.COM,2026-01-29,2026-01,ARCHIVE13,,,,,,,yes
NVHG.COM,2026-01-29,2026-01,ARCHIVE13,,,,,,,yes
WHEELOCKST.COM,2026-01-29,2026-01,ARCHIVE13,,,,,,,yes
DESKTOPG.COM,2026-01-29,2026-01,ARCHIVE13,,,,,,,yes
CMHHELI.COM,2026-01-29,2026-01,ARCHIVE13,,,,,,,yes
COWANS.ORG,2026-01-29,2026-01,ARCHIVE13,,,,,,,yes
HTHELI.COM,2026-01-29,2026-01,ARCHIVE13,,,,,,,yes
GRANITEPOINTE.CA,2026-01-29,2026-01,ARCHIVE13,Canada,,,,,,yes
SMTLAWYERS.CA,2026-01-29,2026-01,ARCHIVE13,Canada,,,,,,yes
CLOUDDATAWORKS.CA,2026-01-29,2026-01,ARCHIVE13,Canada,,,,,,yes
SENSIBLESOLUTIONS.CA,2026-01-29,2026-01,ARCHIVE13,Canada,,,,,,yes
AUGUSTEA.COM,2026-01-30,2026-01,ARCHIVE13,,,,,,,yes
MEDIAWORLD.COM.HK,2026-01-30,2026-01,ARCHIVE13,,,,,,,yes
WARDHAVENCAPITAL.COM,2026-01-30,2026-01,ARCHIVE13,,,,,,,yes
LONGHORNORGANICS.COM,2026-01-30,2026-01,ARCHIVE13,,,,,,,yes
DCSNORWAY.COM,2026-01-30,2026-01,ARCHIVE13,,,,,,,yes
SHACKELFORD.LAW,2026-01-30,2026-01,ARCHIVE13,,,,,,,yes
SERVE-CLOUD.COM,2026-01-30,2026-01,ARCHIVE13,,,,,,,yes
MARK-FINN.CO.UK,2026-01-30,2026-01,ARCHIVE13,United Kingdom,,,,,,yes
EMEG.CO.UK,2026-01-30,2026-01,ARCHIVE13,United Kingdom,,,,,,yes
LOGICALMICRO.COM,2026-01-30,2026-01,ARCHIVE13,,,,,,,yes
HODERO,2026-01-30,2026-01,,,,,,,,date-only
MNKASSOCIATES.COM,2026-02-07,2026-02,ARCHIVE13,,,,,,,yes
VIPPLLC.COM,2026-02-07,2026-02,ARCHIVE13,,,,,,,yes
TRJLTD.CO.UK,2026-02-07,2026-02,ARCHIVE13,United Kingdom,,,,,,yes
STRATEGICOBJECTIVES.COM,2026-02-07,2026-02,ARCHIVE13,,,,,,,yes
IDEALWELDERS.COM,2026-02-07,2026-02,ARCHIVE13,,,,,,,yes
CROWDEDISLAND.COM,2026-02-07,2026-02,ARCHIVE13,,,,,,,yes
DUKOSI.COM,2026-02-07,2026-02,ARCHIVE13,,,,,,,yes
CONWEST.COM,2026-02-07,2026-02,ARCHIVE13,,,,,,,yes
NGATTORNEYS.COM,2026-02-07,2026-02,ARCHIVE13,,,,,,,yes
LABINF.IT,2026-02-07,2026-02,ARCHIVE13,Italy,,,,,,yes
DAD.CO.TH,2026-02-10,2026-02,ARCHIVE14,Thailand,,,,,,yes
THEMORTGAGEFIRM.COM,2026-02-10,2026-02,ARCHIVE14,,,,,,,yes
FISHWINDOWCLEANING.COM,2026-02-10,2026-02,ARCHIVE14,,,,,,,yes
SOLUTIONSINSAFETY.COM,2026-02-10,2026-02,ARCHIVE14,,,,,,,yes
BOYDEN.COM,2026-02-10,2026-02,ARCHIVE14,,,,,,,yes
CFDT.FR,2026-02-10,2026-02,ARCHIVE13,France,,,,,,yes
SPOHNASSOCIATES.COM,2026-02-10,2026-02,ARCHIVE13,,,,,,,yes
GARNERGROUP.NET,2026-02-10,2026-02,ARCHIVE13,,,,,,,yes
THEPERPETUAL.COM,2026-02-10,2026-02,ARCHIVE13,,,,,,,yes
AIGBUSINESS.COM,2026-02-10,2026-02,CURRENT,,,,,,,yes
HYDEPARKUMC.ORG,2026-02-10,2026-02,ARCHIVE13,,,,,,,yes
GIACARE.COM,2026-02-10,2026-02,ARCHIVE13,,,,,,,yes
GIASPACE.COM,2026-02-10,2026-02,ARCHIVE13,,,,,,,yes
ONESUPPORT.COM,2026-02-10,2026-02,ARCHIVE13,,,,,,,yes
HUDSONSUSTAINABLE.COM,2026-02-10,2026-02,ARCHIVE13,,,,,,,yes
GOKALLIT.COM,2026-02-10,2026-02,ARCHIVE13,,,,,,,yes
CHEHARDY.COM,2026-02-10,2026-02,ARCHIVE13,,,,,,,yes
RBDCONSTRUCTION.COM,2026-02-10,2026-02,ARCHIVE13,,,,,,,yes
BROADREACHRETAIL.COM,2026-02-10,2026-02,ARCHIVE13,,,,,,,yes
BE09.FR,2026-02-10,2026-02,ARCHIVE13,France,,,,,,yes
SMITHIPSERVICES.COM,2026-02-10,2026-02,ARCHIVE13,,,,,,,yes
PROACTIVEMEDICAL.COM,2026-02-10,2026-02,ARCHIVE13,,,,,,,yes
ITARCHITECHS.COM,2026-02-10,2026-02,ARCHIVE13,,,,,,,yes
HUDSONEXECUTIVE.COM,2026-02-10,2026-02,ARCHIVE13,,,,,,,yes
ANSTECHINC.COM,2026-02-10,2026-02,ARCHIVE13,,,,,,,yes
CLOUD.CLEARWAYGROUP.COM,2026-03-11,2026-03,ARCHIVE13,,,,,,,yes
AIGHEALTHCARE.IN,2026-03-11,2026-03,ARCHIVE13,India,,,,,,yes
INJURYLAWYERS.COM,2026-04-28,2026-04,ARCHIVE14,,,,,,,yes
BLUEVISTALLC.COM,2026-07-31,2026-07,CURRENT,,,,,,,yes
NUV*******,2026-08-05,2026-08,,,,,,,,date-only
IPM*******,2026-08-05,2026-08,,,,,,,,date-only
ECC*******,2026-08-05,2026-08,,,,,,,,date-only
ST*******,2026-08-05,2026-08,,,,,,,,date-only
QC*******,2026-08-05,2026-08,,,,,,,,date-only
FLU*******,2026-08-05,2026-08,,,,,,,,date-only
MID*******,2026-08-05,2026-08,,,,,,,,date-only
ITK*******,2026-08-05,2026-08,,,,,,,,date-only
G3A*******,2026-08-05,2026-08,,,,,,,,date-only
ARC*******,2026-08-05,2026-08,,,,,,,,date-only
OMN*******,2026-08-05,2026-08,,,,,,,,date-only
LIF*******,2026-08-05,2026-08,,,,,,,,date-only
SP*******,2026-08-05,2026-08,,,,,,,,date-only
IVA*******,2026-08-05,2026-08,,,,,,,,date-only
NUO*******,2026-08-05,2026-08,,,,,,,,date-only
THE*******,2026-08-05,2026-08,,,,,,,,date-only
WAT*******,2026-08-05,2026-08,,,,,,,,date-only
9AL*******,2026-08-05,2026-08,,,,,,,,date-only
INT********,2026-08-05,2026-08,,,,,,,,date-only
HON*******,2026-08-05,2026-08,,,,,,,,date-only
ATO*******,2026-08-05,2026-08,,,,,,,,date-only
CLO*******,2026-08-05,2026-08,,,,,,,,date-only
JPM*******,2026-08-05,2026-08,,,,,,,,date-only
BRI*******,2026-08-05,2026-08,,,,,,,,date-only
SUU*******,2026-08-05,2026-08,,,,,,,,date-only
SMA*******,2026-08-05,2026-08,,,,,,,,date-only
TRI*******,2026-08-05,2026-08,,,,,,,,date-only
MAM********,2026-08-05,2026-08,,,,,,,,date-only
COR*******,2026-08-05,2026-08,,,,,,,,date-only
PAR*******,2026-08-05,2026-08,,,,,,,,date-only
STA*******,2026-08-05,2026-08,,,,,,,,date-only
LAR*******,2026-08-05,2026-08,,,,,,,,date-only
TOA*******,2026-08-05,2026-08,,,,,,,,date-only
IR******,2026-08-05,2026-08,,,,,,,,date-only
ALD*******,2026-08-05,2026-08,,,,,,,,date-only
PHI*******,2026-08-05,2026-08,,,,,,,,date-only
FIS*******,2026-08-05,2026-08,,,,,,,,date-only
G*******,2026-08-05,2026-08,,,,,,,,date-only
SH*******,2026-08-05,2026-08,,,,,,,,date-only
NET*******,2026-08-05,2026-08,,,,,,,,date-only
CONTINENTAL.AERO,2026-08-07,2026-08,CURRENT,,"Database, Project - files",Database; Project/Engineering,347Gb,347.0,91000000,yes
MINDRAY.COM,2026-08-07,2026-08,CURRENT,,"Database, Project - files",Database; Project/Engineering,50Gb,50.0,5000000000,yes
ALDOGROUP.COM,2026-08-12,2026-08,CURRENT,,,,,,,yes
BRILLONCONSUMER.COM,2026-08-12,2026-08,CURRENT,,"Database, Project - files",Database; Project/Engineering,"22,4Gb",22.4,100000000,yes
SUUNTO.CN,2026-08-12,2026-08,CURRENT,China,"Database, Project - files",Database; Project/Engineering,1470Gb,1470.0,111000000,yes
SMAPCENTER.UAH.EDU,2026-08-12,2026-08,CURRENT,United States (edu),"Database, Project - files",Database; Project/Engineering,"6,08Gb",6.08,113000000,yes
NETPOWER.COM,2026-08-12,2026-08,CURRENT,,"Projects, Cad-files, Backup files Windchil",Project/Engineering; Backups,230Gb,230.0,370900000,yes
SHELL.COM,2026-08-12,2026-08,ARCHIVE5,,"Engineering drawings, photos of the facilities, scans of facility testing reports, project plans",Project/Engineering; Documents,89Gb,89.0,2673000000000,yes
GE.COM,2026-08-12,2026-08,CURRENT,,,,,,,yes
FISERV.COM,2026-08-12,2026-08,CURRENT,,"Projects, Cad-files, files Windchil, Soft",Project/Engineering; Documents,874Gb,874.0,21200000000,yes
PHILIPS.COM,2026-08-12,2026-08,CURRENT,,"PDF drawings, diagrams, blueprints",Project/Engineering; Documents,13.5Gb,13.5,20700000000,yes
IRCO.COM,2026-08-12,2026-08,CURRENT,,"Cad-files, PDF drawings, diagrams, product presentations, specifications, manuals and instructions",Project/Engineering; Documents,5564Gb,5564.0,7800000000,yes
TOASTTAB.COM,2026-08-12,2026-08,CURRENT,,"project, backup database, logs",Database; Project/Engineering; Backups,215Gb,215.0,6400000000,yes
LARGAN.COM.TW,2026-08-12,2026-08,CURRENT,Taiwan,"Project, Soft",Project/Engineering; Documents,56Gb,56.0,1700000000,yes
STARKEY.COM,2026-08-12,2026-08,CURRENT,,"Database, Project",Database; Project/Engineering,3030Gb,3030.0,939200000,yes
PARTECH.COM,2026-08-12,2026-08,CURRENT,,"Database, Project, Cad-files, Backups",Database; Project/Engineering; Backups,24Gb,24.0,475700000,yes
MAMMUT.COM,2026-08-12,2026-08,CURRENT,,".png files, files Windchil",Project/Engineering,136Gb,136.0,281000000,yes
CORNELIUS.COM,2026-08-12,2026-08,CURRENT,,"Database, Project, PDF, TXT, DOC - files",Database; Project/Engineering; Documents,3684Gb,3684.0,269800000,yes
MAMASANDPAPAS.COM,2026-08-12,2026-08,CURRENT,,"Database, Project - files",Database; Project/Engineering,"1,18Gb",1.18,131000000,yes
TRISTAR.COM,2026-08-12,2026-08,CURRENT,,"Database, Project - files",Database; Project/Engineering,"1579,9Gb",1579.9,1000000000,yes
JPMGROUP.CO.IN,2026-08-12,2026-08,CURRENT,India,"Database, Project - files",Database; Project/Engineering,"75,4Gb",75.4,400000000,yes
CLOVER.COM,2026-08-12,2026-08,CURRENT,,"Database, Project - files",Database; Project/Engineering,651Gb,651.0,400000000,yes
ATOMBERG.COM,2026-08-12,2026-08,CURRENT,,"Database, Project - files",Database; Project/Engineering,980Gb,980.0,68000000,yes
HONGHE-TECH.COM,2026-08-12,2026-08,CURRENT,,"Database, Project - files",Database; Project/Engineering,"1,588Gb",1.59,470000000,yes
INTELLIGENTGROWTHSOLUTIONS.COM,2026-08-12,2026-08,CURRENT,,"Database, Project, PDF, XLSX, XLS, DOCX - files",Database; Project/Engineering; Documents,261Gb,261.0,31000000,yes
INTELLIHOT.COM,2026-08-12,2026-08,CURRENT,,"Database, Projects, Backups, Soft installers, Updates, XML - files",Database; Project/Engineering; Backups; Documents,271Gb,271.0,27000000,yes
9ALTITUDES.COM,2026-08-12,2026-08,CURRENT,,"Database, Projects, Project Backups, SQL Database Backup",Database; Project/Engineering; Backups,382Gb,382.0,15000000,yes
WATERLANDPE.COM,2026-08-12,2026-08,CURRENT,,"Database, Projects, Project Backups, SQL Database Backup",Database; Project/Engineering; Backups,382Gb,382.0,5800000,yes
THERMOS.COM,2026-08-12,2026-08,CURRENT,,"Database, Projects, Soft installers",Database; Project/Engineering; Documents,285Gb,285.0,9000000,yes
NUOVACMM.COM,2026-08-12,2026-08,CURRENT,,"Database, Projects, Soft installers",Database; Project/Engineering; Documents,279Gb,279.0,6600000,yes
IVALUESYS.COM,2026-08-12,2026-08,CURRENT,,"Database, Projects, Backups",Database; Project/Engineering; Backups,109Gb,109.0,8100000,yes
SPKAA.COM,2026-08-12,2026-08,CURRENT,,"Database, Projects",Database; Project/Engineering,581Gb,581.0,7600000,yes
LIFESTRAW.COM,2026-08-12,2026-08,CURRENT,,"Database, Projects, Backups, Logs, Soft installers, PDF, TXT, XML - files",Database; Project/Engineering; Backups; Documents,168Gb,168.0,200000000,yes
OMNITANKER.COM,2026-08-12,2026-08,CURRENT,,"Database, Projects, SQL Backups, Soft installers, Jpeg, Png, PDF - files",Database; Project/Engineering; Backups; Documents,83Gb,83.0,10000000,yes
ARCHERGREY.COM,2026-08-12,2026-08,CURRENT,,"Database, Projects",Database; Project/Engineering,"1,84Gb",1.84,,yes
G3AEROSPACE.COM,2026-08-12,2026-08,CURRENT,,"Database, Projects",Database; Project/Engineering,319Gb,319.0,1000000,yes
ITKHOLDING.HU,2026-08-12,2026-08,CURRENT,Hungary,"Database, Projects",Database; Project/Engineering,"40,7Gb",40.7,1700000000,yes
MIDLANDIND.COM.AU,2026-08-12,2026-08,CURRENT,Australia,"Database, Project",Database; Project/Engineering,0.5Gb,0.5,5000000,yes
FLUIDLOGIC.COM,2026-08-12,2026-08,CURRENT,,"Database, Project,Cad-files",Database; Project/Engineering,26.4Gb,26.4,5000000,yes
QCPL.IN,2026-08-12,2026-08,CURRENT,India,"Database, Project",Database; Project/Engineering,501Gb,501.0,5000000,yes
STNET.IT,2026-08-12,2026-08,CURRENT,Italy,"Database, Project",Database; Project/Engineering,13.2Gb,13.2,5000000,yes
ECCELLENT.COM,2026-08-12,2026-08,CURRENT,,"DBF files, Cad-files, Project, Soft, Backups",Database; Project/Engineering; Backups; Documents,241Gb,241.0,5000000,yes
IPMSOLUTIONS.SK,2026-08-12,2026-08,CURRENT,Slovakia,"PDF files, Cad-files, Soft",Project/Engineering; Documents,253Gb,253.0,5000000,yes
NUVITIA.COM,2026-08-12,2026-08,CURRENT,,"Project, Soft",Project/Engineering; Documents,89.8Gb,89.8,5000000,yes
ZEBRA.COM,2026-08-13,2026-08,CURRENT,,"Database, Project - files, CAD - files",Database; Project/Engineering,8Tb,8192.0,5600000000,yes
HENRYPRATT.COM,2026-09-10,2026-09,CURRENT,,,,,,,yes
HARLEY-DAVIDSON.COM,2026-09-10,2026-09,CURRENT,,,,,,,yes
HODERO-HOLDINGS-LTD,2026-09-23,2026-09,ARCHIVE13,,,,,,,yes
SAUL-ORG.UK,2026-09-23,2026-09,ARCHIVE9,United Kingdom,,,,,,yes
CCED-COM.OM,2026-09-23,2026-09,ARCHIVE9,,,,,,,yes
INFINIGATE.CH,2026-09-23,2026-09,,,,,,,,date-only
SWEETLAKE-LAND-AND-OIL-CO-INC,2026-09-23,2026-09,ARCHIVE9,,,,,,,yes
KIRKLAND-AND-ELLIS.LLP,2026-09-23,2026-09,ARCHIVE6,,,,,,,yes
PALIG.COM,2026-09-23,2026-09,ARCHIVE6,,,,,,,yes
COLUMBIABANK.COM,2026-09-23,2026-09,,,,,,,,date-only
UNISALLE-EDU.CO,2026-09-23,2026-09,ARCHIVE3,,,,,,,yes
VALLEY-TRUCK-AND-TRACTOR,2026-09-23,2026-09,ARCHIVE2,,,,,,,yes
KSS-ARCHITECTS-LLP,2026-09-23,2026-09,ARCHIVE2,,,,,,,yes
ELANDRETAIL.COM-KMALL24.COM,2026-09-23,2026-09,ARCHIVE2,,,,,,,yes
TRANSPORT-NSW.GOV.AU,2026-09-23,2026-09,ARCHIVE,Australia,,,,,,yes
AMEY-CO.UK,2026-09-23,2026-09,ARCHIVE,United Kingdom,,,,,,yes
