Company_Name,Sector,Industry_Group,Country_of_Origin,Type_of_Data_Stolen,Date,Data_Volume_GB,Group
bakemyday.se,Consumer Discretionary,Consumer Services,Sweden,"Corporate & Business Data, Personal Identifiable Information (PII), Financial & Payment Data, Human Resources Data, System & Infrastructure Data",28/9/2026,29,INC Ransom
Wellness Partners network(combined revenue),Health Care,Health Care Equipment & Services,United States,"Corporate & Business Data, Personal Identifiable Information (PII), Financial & Payment Data",7/9/2026,,INC Ransom
cambrialawfirm.com,Consumer Discretionary,Consumer Services,Canada,"Corporate & Business Data, Personal Identifiable Information (PII)",28/9/2026,,INC Ransom
nsbsd.org,Consumer Discretionary,Consumer Services,United States,,27/9/2026,,INC Ransom
AHEAD,Information Technology,Software & Services,United States,,27/9/2026,,INC Ransom
pharma5.ma,Health Care,"Pharmaceuticals, Biotechnology & Life Sciences",Morocco,,25/9/2026,50,INC Ransom
bnlawmacau.com www.bn-ip.com,Industrials,Commercial & Professional Services,Macao,,24/9/2026,,INC Ransom
ukbjja.org,Consumer Discretionary,Consumer Services,United Kingdom,,24/9/2026,,INC Ransom
welgenone.com,Health Care,Health Care Equipment & Services,United States,,24/9/2026,,INC Ransom
bcx.co.za,Information Technology,Software & Services,South Africa,,24/9/2026,500,INC Ransom
Grupo Caberj,Health Care,Health Care Equipment & Services,Brazil,,24/9/2026,,INC Ransom
Lemon Law,Consumer Discretionary,Consumer Services,United States,,23/9/2026,16.8,INC Ransom
Maryann Kriger,Health Care,Health Care Equipment & Services,United States,,20/9/2026,,INC Ransom
SECOND HOUSE,Real Estate,Real Estate Management & Development,Spain,,20/9/2026,,INC Ransom
www.kendallhunt.com,Consumer Discretionary,Consumer Services,United States,"Corporate & Business Data, System & Infrastructure Data",18/9/2026,,INC Ransom
www.roancampingholidays.com,Consumer Discretionary,Consumer Services,Netherlands,"Corporate & Business Data, Financial & Payment Data, Human Resources Data, System & Infrastructure Data",18/9/2026,,INC Ransom
cimbsecurities.com,Financials,Banks,Malaysia,,18/9/2026,,INC Ransom
www.diarco.com.ar,Consumer Staples,Consumer Staples Distribution & Retail,Argentina,"Corporate & Business Data, Financial & Payment Data, Human Resources Data",17/9/2026,,INC Ransom
www.appliancefactory.com,Consumer Discretionary,Consumer Discretionary Distribution & Retail,United States,"Corporate & Business Data, Personal Identifiable Information (PII), Financial & Payment Data",17/9/2026,,INC Ransom
Asfaltos y Pavimentos S.A. (Asfalpasa),Industrials,Capital Goods,Spain,"Corporate & Business Data, Financial & Payment Data, Human Resources Data",2/9/2026,,INC Ransom
cullottalaw.com,Consumer Discretionary,Consumer Services,United States,,9/9/2026,,INC Ransom
Foresee Pharmaceuticals,Health Care,"Pharmaceuticals, Biotechnology & Life Sciences",Taiwan,,18/8/2026,1228.8,INC Ransom
Westfield Public School District,Consumer Discretionary,Consumer Services,United States,"Corporate & Business Data, Personal Identifiable Information (PII), Financial & Payment Data, Human Resources Data",2/9/2026,,INC Ransom
Trucka,Industrials,Transportation,Mexico,"Corporate & Business Data, Personal Identifiable Information (PII), Financial & Payment Data",2/9/2026,,INC Ransom
Policlinico Triestino,Health Care,Health Care Equipment & Services,Italy,"Corporate & Business Data, Personal Identifiable Information (PII), Financial & Payment Data, System & Infrastructure Data",2/9/2026,,INC Ransom
Multiver Ltée,Industrials,Capital Goods,Canada,"Corporate & Business Data, Financial & Payment Data",2/9/2026,,INC Ransom
Metales Panamericanos,Industrials,Capital Goods,Panama,"Corporate & Business Data, Personal Identifiable Information (PII), Financial & Payment Data",2/9/2026,,INC Ransom
Lansing Urgent Care,Health Care,Health Care Equipment & Services,United States,"Corporate & Business Data, Personal Identifiable Information (PII), Financial & Payment Data, System & Infrastructure Data",17/8/2026,,INC Ransom
jms building corporation,Consumer Discretionary,Consumer Services,United States,,7/9/2026,,INC Ransom
specialtytextile.com,Industrials,Commercial & Professional Services,United States,Personal Identifiable Information (PII),2/9/2026,,INC Ransom
myglobal.com,Information Technology,Technology Hardware & Equipment,Malaysia,"Corporate & Business Data, Personal Identifiable Information (PII), Human Resources Data",3/9/2026,17,INC Ransom
www.renorefractories.com,Materials,Materials,United States,"Corporate & Business Data, Financial & Payment Data, Human Resources Data",31/8/2026,,INC Ransom
www.lichtvision.com,Industrials,Commercial & Professional Services,United Kingdom,Corporate & Business Data,31/8/2026,,INC Ransom
zummocorp.com,Industrials,Capital Goods,United States,"Corporate & Business Data, Financial & Payment Data, Human Resources Data, System & Infrastructure Data",31/8/2026,,INC Ransom
"Otter Tail County, Minnesota",Public Sector,Government Services,United States,"Corporate & Business Data, Personal Identifiable Information (PII), Financial & Payment Data, Human Resources Data, System & Infrastructure Data",17/8/2026,,INC Ransom
FFKR Architects,Industrials,Commercial & Professional Services,United States,,24/8/2026,,INC Ransom
PARTNERED HEALTH GROUP,Health Care,Health Care Equipment & Services,Australia,"Corporate & Business Data, Personal Identifiable Information (PII), System & Infrastructure Data",30/7/2026,3276.8,INC Ransom
BENCIVIL,Industrials,Capital Goods,United States,Corporate & Business Data,27/8/2026,400,INC Ransom
UNIPLASTICS.COM,Industrials,Capital Goods,United States,Corporate & Business Data,19/8/2026,900,INC Ransom
Oilquip Inc,Industrials,Capital Goods,United States,,26/8/2026,,INC Ransom
Rohloff Group,Consumer Discretionary,Consumer Services,South Africa,,27/8/2026,536,INC Ransom
Ruby Seven Studios,Consumer Discretionary,Consumer Services,United States,,27/8/2026,114,INC Ransom
Macro Engineering & Technology,Industrials,Capital Goods,Canada,,25/8/2026,,INC Ransom
TRULITE GLASS & ALUMINUM SOLUTIONS,Industrials,Capital Goods,United States,"Corporate & Business Data, Financial & Payment Data",4/8/2026,8192,INC Ransom
ssf-int.com  ssf-ing.de,Industrials,Capital Goods,Germany,Corporate & Business Data,18/8/2026,,INC Ransom
wittmann,Industrials,Capital Goods,Mexico,,24/8/2026,,INC Ransom
cambrialawfirm.com,Consumer Discretionary,Consumer Services,Canada,"Corporate & Business Data, Personal Identifiable Information (PII), Financial & Payment Data, Human Resources Data, System & Infrastructure Data",13/8/2026,,INC Ransom
el-group,Industrials,Capital Goods,Switzerland,,22/8/2026,,INC Ransom
https://pacific-construction.com/,Industrials,Capital Goods,United Kingdom,Corporate & Business Data,13/8/2026,,INC Ransom
EXEL,Industrials,Capital Goods,Canada,Corporate & Business Data,19/8/2026,,INC Ransom
CUSTOMSIGN,Industrials,Commercial & Professional Services,United States,Corporate & Business Data,2/6/2026,,INC Ransom
CDGARVINLAW,Consumer Discretionary,Consumer Services,United States,Corporate & Business Data,19/8/2026,25,INC Ransom
BANGKOKCABLE,Industrials,Capital Goods,Thailand,"Corporate & Business Data, Personal Identifiable Information (PII), Financial & Payment Data, Human Resources Data, System & Infrastructure Data",19/8/2026,922,INC Ransom
nyklawfirm.com nyk.ae,Industrials,Commercial & Professional Services,United Arab Emirates,,18/8/2026,,INC Ransom
SD Associates Sdn Bhd,Industrials,Capital Goods,Malaysia,,16/8/2026,,INC Ransom
gamaus.com,Consumer Staples,Consumer Staples Distribution & Retail,United States,"Corporate & Business Data, Financial & Payment Data",12/8/2026,450,INC Ransom
diabetesandmetabolism.com,Health Care,Health Care Equipment & Services,United States,"Corporate & Business Data, Personal Identifiable Information (PII), Financial & Payment Data, Human Resources Data",12/8/2026,7,INC Ransom
BEDC.COM.AU,Health Care,Health Care Equipment & Services,Australia,"Corporate & Business Data, Personal Identifiable Information (PII), Financial & Payment Data, Human Resources Data, System & Infrastructure Data",12/8/2026,37,INC Ransom
stuartandassociates.com,Industrials,Capital Goods,United States,"Corporate & Business Data, Personal Identifiable Information (PII), Financial & Payment Data, Human Resources Data, System & Infrastructure Data",12/8/2026,200,INC Ransom
Della Casa Group AG,Real Estate,Real Estate Management & Development,Switzerland,"Corporate & Business Data, Personal Identifiable Information (PII), Financial & Payment Data, Human Resources Data",27/7/2026,,INC Ransom
obrieneng.com,Industrials,Capital Goods,United States,Corporate & Business Data,30/7/2026,,INC Ransom
belimed.com,Health Care,Health Care Equipment & Services,United States,"Corporate & Business Data, Personal Identifiable Information (PII), Financial & Payment Data",29/5/2026,1536,INC Ransom
https://geleximco.vn/,Industrials,Capital Goods,Vietnam,,4/8/2026,200,INC Ransom
lccgroup.com,Consumer Staples,Consumer Staples Distribution & Retail,Philippines,,4/8/2026,,INC Ransom
pushidrosal.id,Public Sector,Government Services,Indonesia,,4/8/2026,,INC Ransom
clintonhealthaccess.org,Health Care,Health Care Equipment & Services,United States,,4/8/2026,,INC Ransom
Loyalist College,Consumer Discretionary,Consumer Services,Canada,,3/8/2026,,INC Ransom
ATMS,Industrials,Commercial & Professional Services,India,,3/8/2026,,INC Ransom
vprj.org,Public Sector,Government Services,United States,,2/8/2026,,INC Ransom
lantisnet.com,Health Care,Health Care Equipment & Services,United States,,2/8/2026,,INC Ransom
ecfa.org,Industrials,Commercial & Professional Services,United States,,2/8/2026,,INC Ransom
takethehop.com,Industrials,Transportation,United States,,23/7/2026,,INC Ransom
foundationstofreedom.org,Health Care,Health Care Equipment & Services,United States,,25/7/2026,,INC Ransom
sslf.local,Consumer Discretionary,Consumer Services,United States,,30/7/2026,,INC Ransom
VantagePoint Management & Autoclear,Financials,Financial Services,United States,"Corporate & Business Data, Personal Identifiable Information (PII), Financial & Payment Data, Human Resources Data",14/7/2026,,INC Ransom
harwal.net,Materials,Materials,United Arab Emirates,,29/7/2026,12288,INC Ransom
healthlawadvocates.org,Consumer Discretionary,Consumer Services,United States,,26/7/2026,,INC Ransom
greenecountyga.gov,Public Sector,Government Services,United States,,25/7/2026,,INC Ransom
DUCON,Industrials,Commercial & Professional Services,Colombia,,24/7/2026,,INC Ransom
minigrip.com.mx,Materials,Materials,Mexico,,24/7/2026,,INC Ransom
cabincreekhealth.com,Health Care,Health Care Equipment & Services,United States,,23/7/2026,,INC Ransom
autismuslink.ch,Health Care,Health Care Equipment & Services,Switzerland,,23/7/2026,,INC Ransom
Ali-Monde,Consumer Staples,"Food, Beverage & Tobacco",United States,,20/7/2026,,INC Ransom
Oleoductos del Valle,Energy,Energy,Argentina,,20/7/2026,,INC Ransom
V&P Nurseries,Consumer Staples,"Food, Beverage & Tobacco",United States,,18/7/2026,,INC Ransom
reatile.co.za,Financials,Financial Services,South Africa,,18/7/2026,,INC Ransom
pokka.co,Consumer Staples,"Food, Beverage & Tobacco",Singapore,,18/7/2026,,INC Ransom
vedan corp,Consumer Staples,"Food, Beverage & Tobacco",Vietnam,,18/7/2026,,INC Ransom
"D.MAG New Material Technology Co., Ltd. Taiwan Giant",Materials,Materials,Taiwan,,18/7/2026,,INC Ransom
FAST.COM.PH,Industrials,Transportation,Philippines,,18/7/2026,,INC Ransom
v-silicon.com,Information Technology,Semiconductors & Semiconductor Equipment,Taiwan,,18/7/2026,,INC Ransom
Kyokuto Kaihatsu Kogyo,Industrials,Capital Goods,Japan,,17/7/2026,,INC Ransom
asa-international.com,Financials,Financial Services,United Kingdom,,16/7/2026,,INC Ransom
Golden Glasko & Associates,Consumer Discretionary,Consumer Services,United States,,14/7/2026,,INC Ransom
callhorton.com,Consumer Discretionary,Consumer Services,United States,"Corporate & Business Data, Personal Identifiable Information (PII), Financial & Payment Data",26/6/2026,923,INC Ransom
samberger24.de,Health Care,Health Care Equipment & Services,Germany,,3/7/2026,,INC Ransom
oakparkmi.gov,Public Sector,Government Services,United States,,3/7/2026,,INC Ransom
johndufourlaw.com,Consumer Discretionary,Consumer Services,United States,Corporate & Business Data,26/6/2026,,INC Ransom
https://www.roundshield.com/,Financials,Financial Services,United Kingdom,,1/7/2026,400,INC Ransom
https://sza.it/,Industrials,Commercial & Professional Services,Italy,"Corporate & Business Data, Financial & Payment Data",30/6/2026,,INC Ransom
tricountyhs.org,Consumer Discretionary,Consumer Services,United States,,2/7/2026,,INC Ransom
Life Bridges,Health Care,Health Care Equipment & Services,United States,"Corporate & Business Data, Personal Identifiable Information (PII), Financial & Payment Data, System & Infrastructure Data",25/6/2026,,INC Ransom
tambasa.com,Consumer Discretionary,Consumer Discretionary Distribution & Retail,Brazil,,2/7/2026,,INC Ransom
GSP Crop Science Pvt,Materials,Materials,India,"Corporate & Business Data, Personal Identifiable Information (PII), Financial & Payment Data",25/6/2026,,INC Ransom
GDN AR(Dorinka),Consumer Staples,Consumer Staples Distribution & Retail,Argentina,"Corporate & Business Data, Personal Identifiable Information (PII), Financial & Payment Data",29/6/2026,,INC Ransom
hamilton-eye.com,Health Care,Health Care Equipment & Services,United States,,2/7/2026,,INC Ransom
ezortea.com.br,Industrials,Capital Goods,Brazil,,2/7/2026,,INC Ransom
carvalima.com.br,Industrials,Transportation,Brazil,,2/7/2026,,INC Ransom
acworth-ga.gov,Public Sector,Government Services,United States,,2/7/2026,,INC Ransom
theswansonlawgroup.com,Consumer Discretionary,Consumer Services,United States,"Corporate & Business Data, Personal Identifiable Information (PII), Financial & Payment Data",26/6/2026,,INC Ransom
belpointeasset.com \ belpointe.com,Financials,Financial Services,United States,"Corporate & Business Data, Financial & Payment Data",22/6/2026,400,INC Ransom
BELFOR,Industrials,Commercial & Professional Services,Singapore,,27/4/2026,430,INC Ransom
Newspaper Media Group,Communication Services,Media & Entertainment,United States,,20/6/2026,,INC Ransom
jasperplastics.info,Materials,Materials,United States,"Corporate & Business Data, Personal Identifiable Information (PII), Financial & Payment Data, Human Resources Data, System & Infrastructure Data",16/6/2026,129,INC Ransom
framesiprofessional.com,Consumer Staples,Household & Personal Products,United States,"Corporate & Business Data, Personal Identifiable Information (PII), Financial & Payment Data, Human Resources Data, System & Infrastructure Data",16/6/2026,,INC Ransom
jktornel,Consumer Discretionary,Automobiles & Components,Mexico,,16/6/2026,,INC Ransom
neuwoges.de,Real Estate,Real Estate Management & Development,Germany,,16/6/2026,,INC Ransom
3,Industrials,Commercial & Professional Services,United States,,15/6/2026,,INC Ransom
trrac.net,Industrials,Transportation,United States,"Corporate & Business Data, Financial & Payment Data",2/6/2026,78,INC Ransom
Signazon_USA,Industrials,Commercial & Professional Services,United States,,11/6/2026,,INC Ransom
fineconsulting,Industrials,Commercial & Professional Services,Romania,,11/6/2026,,INC Ransom
DISCOLABINDU,Industrials,Capital Goods,France,,11/6/2026,,INC Ransom
FIZA,Industrials,Commercial & Professional Services,Czechia,,8/6/2026,100,INC Ransom
Stuga Machinery,Industrials,Capital Goods,United Kingdom,,4/6/2026,,INC Ransom
pdcbodynits,Consumer Discretionary,Consumer Durables & Apparel,Singapore,,1/6/2026,,INC Ransom
Colina Financial Advisors,Financials,Financial Services,Bahamas,,3/6/2026,500,INC Ransom
Aerodiagnostics,Health Care,Health Care Equipment & Services,United States,,4/5/2026,50,INC Ransom
kelmreuter.com,Health Care,Health Care Equipment & Services,United States,,2/6/2026,,INC Ransom
Oztugotomotiv,Consumer Discretionary,Automobiles & Components,Turkey,,1/6/2026,100,INC Ransom
Bradley law firm,Consumer Discretionary,Consumer Services,United States,,1/6/2026,,INC Ransom
Champaign-Urbana Public Health District,Health Care,Health Care Equipment & Services,United States,,1/6/2026,,INC Ransom
Meirc training and consulting,Industrials,Commercial & Professional Services,United Arab Emirates,"Corporate & Business Data, Personal Identifiable Information (PII), Financial & Payment Data, Human Resources Data, System & Infrastructure Data",17/5/2026,1024,INC Ransom
www.labexpress.com,Health Care,"Pharmaceuticals, Biotechnology & Life Sciences",United States,"Corporate & Business Data, Personal Identifiable Information (PII), Financial & Payment Data, Human Resources Data, System & Infrastructure Data",22/5/2026,200,INC Ransom
Selex - Gruppo Commerciale,Consumer Staples,Consumer Staples Distribution & Retail,Italy,"Corporate & Business Data, Personal Identifiable Information (PII), Financial & Payment Data",27/4/2026,1024,INC Ransom
Distrigaz Vest S.A.,Utilities,Utilities,Romania,,26/5/2026,100,INC Ransom
United Quality Cooperative / www.uqcoop.com,Energy,Energy,United States,"Corporate & Business Data, Personal Identifiable Information (PII), Financial & Payment Data",27/4/2026,,INC Ransom
PILLER AIMMCO,Industrials,Capital Goods,United States,,25/5/2026,,INC Ransom
lalsgroup.com,Consumer Discretionary,Consumer Discretionary Distribution & Retail,United Arab Emirates,Financial & Payment Data,11/5/2026,400,INC Ransom
lawants,Industrials,Commercial & Professional Services,Spain,,25/5/2026,100,INC Ransom
www.durable-tech.com,Industrials,Capital Goods,United States,"Corporate & Business Data, Financial & Payment Data",28/4/2026,,INC Ransom
Mecanizados y Montajes Aeronáuticos (mymgroup.es),Industrials,Capital Goods,Spain,,21/5/2026,100,INC Ransom
bergen1.net,Consumer Discretionary,Consumer Services,United States,"Corporate & Business Data, Financial & Payment Data, Human Resources Data",7/5/2026,1024,INC Ransom
pacificwestinjury.com,Consumer Discretionary,Consumer Services,United States,,23/5/2026,,INC Ransom
Open Door Health Center,Health Care,Health Care Equipment & Services,United States,,22/5/2026,,INC Ransom
threadinnovations,Materials,Materials,Canada,,21/5/2026,,INC Ransom
Nothing,Information Technology,Technology Hardware & Equipment,Taiwan,,19/5/2026,52,INC Ransom
metaval.com.au,Industrials,Capital Goods,Australia,"Corporate & Business Data, Personal Identifiable Information (PII), Financial & Payment Data, Human Resources Data, System & Infrastructure Data",17/5/2026,80,INC Ransom
defenseisready.com,Consumer Discretionary,Consumer Services,United States,"Corporate & Business Data, Personal Identifiable Information (PII), Human Resources Data, System & Infrastructure Data",15/5/2026,,INC Ransom
coronapa.com,Consumer Discretionary,Consumer Services,United States,"Corporate & Business Data, Personal Identifiable Information (PII), Financial & Payment Data, Human Resources Data, System & Infrastructure Data",3/4/2026,,INC Ransom
Silergy Corp,Information Technology,Semiconductors & Semiconductor Equipment,United States,,14/5/2026,,INC Ransom
tlctrialteam.com,Consumer Discretionary,Consumer Services,United States,"Corporate & Business Data, Personal Identifiable Information (PII), Financial & Payment Data, Human Resources Data, System & Infrastructure Data",24/4/2026,,INC Ransom
cmswpc.com,Health Care,Health Care Equipment & Services,United States,"Corporate & Business Data, Personal Identifiable Information (PII)",7/5/2026,300,INC Ransom
rbh aerospace inc,Industrials,Capital Goods,United States,,11/5/2026,240,INC Ransom
earthsystems.com.au earthsystemseurope.com,Industrials,Commercial & Professional Services,Australia,Corporate & Business Data,7/5/2026,600,INC Ransom
https://sibillacapital.com/,Financials,Financial Services,United States,Corporate & Business Data,10/5/2026,,INC Ransom
autorisk.org,Financials,Insurance,United States,Corporate & Business Data,7/5/2026,,INC Ransom
lopezlawfl.com,Consumer Discretionary,Consumer Services,United States,Corporate & Business Data,10/5/2026,,INC Ransom
Bideawee,Consumer Discretionary,Consumer Services,United States,,9/5/2026,,INC Ransom
Calsoft Inc,Information Technology,Software & Services,United States,,8/5/2026,24.4,INC Ransom
bdac.com.au,Health Care,Health Care Equipment & Services,Australia,"Corporate & Business Data, Personal Identifiable Information (PII), Financial & Payment Data, Human Resources Data, System & Infrastructure Data",12/4/2026,,INC Ransom
www.campbell.edu,Consumer Discretionary,Consumer Services,United States,"Corporate & Business Data, Financial & Payment Data, Human Resources Data, System & Infrastructure Data",11/4/2026,121,INC Ransom
egnyte.com,Information Technology,Software & Services,United States,Personal Identifiable Information (PII),7/5/2026,,INC Ransom
nbd3pl.com,Industrials,Transportation,United States,"Corporate & Business Data, Financial & Payment Data",23/4/2026,,INC Ransom
childplace.org,Health Care,Health Care Equipment & Services,United States,"Corporate & Business Data, Personal Identifiable Information (PII), Financial & Payment Data, Human Resources Data, System & Infrastructure Data",4/5/2026,,INC Ransom
sanver.com.mx,Industrials,Capital Goods,Mexico,"Corporate & Business Data, Personal Identifiable Information (PII), Financial & Payment Data, Human Resources Data, System & Infrastructure Data",4/5/2026,150,INC Ransom
https://www.fulcrumre.com/,Real Estate,Real Estate Management & Development,United States,"Corporate & Business Data, Financial & Payment Data",28/4/2026,700,INC Ransom
EXPEDITOR,Health Care,Health Care Equipment & Services,United States,,1/5/2026,50,INC Ransom
sumacinc.com,Industrials,Commercial & Professional Services,United States,Corporate & Business Data,28/4/2026,2048,INC Ransom
https://www.wilkemgroup.com/,Industrials,Commercial & Professional Services,Bahamas,Corporate & Business Data,4/5/2026,400,INC Ransom
wright-ryan.com,Industrials,Capital Goods,United States,"Corporate & Business Data, Personal Identifiable Information (PII), Financial & Payment Data, Human Resources Data, System & Infrastructure Data",10/4/2026,600,INC Ransom
www.hfplanners.com,Financials,Financial Services,United States,"Corporate & Business Data, Financial & Payment Data, Human Resources Data",11/2/2026,200,INC Ransom
northshoreenv.com,Industrials,Commercial & Professional Services,United States,"Corporate & Business Data, Personal Identifiable Information (PII), Financial & Payment Data, Human Resources Data, System & Infrastructure Data",2/5/2026,657,INC Ransom
https://trustarholdingsllc.com/ https://vistlabs.com/,Real Estate,Real Estate Management & Development,United States,"Corporate & Business Data, Financial & Payment Data",15/1/2026,1433.6,INC Ransom
Iowa Spring Manufacturing & Sales,Industrials,Capital Goods,United States,,29/4/2026,49.4,INC Ransom
barrypgoldberg.com,Consumer Discretionary,Consumer Services,United States,"Corporate & Business Data, Personal Identifiable Information (PII), Financial & Payment Data, Human Resources Data, System & Infrastructure Data",30/3/2026,300,INC Ransom
millersteelelaw.com,Consumer Discretionary,Consumer Services,United States,"Corporate & Business Data, Personal Identifiable Information (PII), Financial & Payment Data, Human Resources Data, System & Infrastructure Data",30/3/2026,415,INC Ransom
Arban & Carosi,Industrials,Capital Goods,United States,"Corporate & Business Data, Personal Identifiable Information (PII), Financial & Payment Data, Human Resources Data, System & Infrastructure Data",14/4/2026,1024,INC Ransom
krauseundco,Industrials,Capital Goods,Germany,"Corporate & Business Data, Personal Identifiable Information (PII), Financial & Payment Data",23/4/2026,,INC Ransom
https://lpollockpr.com/,Communication Services,Media & Entertainment,United States,Corporate & Business Data,8/1/2026,,INC Ransom
www.shrimphouse.com,Consumer Discretionary,Consumer Services,United States,"Corporate & Business Data, Personal Identifiable Information (PII), Financial & Payment Data",26/1/2026,1024,INC Ransom
ldisolutions.com,Industrials,Capital Goods,United States,"Corporate & Business Data, Personal Identifiable Information (PII), Financial & Payment Data, Human Resources Data, System & Infrastructure Data",27/4/2026,,INC Ransom
reddycardiology.com,Health Care,Health Care Equipment & Services,United States,"Corporate & Business Data, Personal Identifiable Information (PII), Financial & Payment Data, Human Resources Data, System & Infrastructure Data",26/4/2026,,INC Ransom
MTCI,Information Technology,Software & Services,United States,,26/4/2026,320,INC Ransom
parkerlipman.com,Consumer Discretionary,Consumer Services,United States,,5/3/2026,,INC Ransom
Dorotea Sweden,Public Sector,Government Services,Sweden,,23/4/2026,,INC Ransom
trugreen.com,Industrials,Commercial & Professional Services,United States,"Corporate & Business Data, Personal Identifiable Information (PII), Financial & Payment Data, Human Resources Data, System & Infrastructure Data",22/4/2026,104,INC Ransom
krwlawyers.com,Consumer Discretionary,Consumer Services,United States,,22/4/2026,,INC Ransom
https://daricon.com/ (military US/CA/NATO),Industrials,Capital Goods,United States,,26/2/2026,400,INC Ransom
delapazlaw.com,Consumer Discretionary,Consumer Services,United States,"Corporate & Business Data, Personal Identifiable Information (PII), Financial & Payment Data, Human Resources Data, System & Infrastructure Data",31/3/2026,2560,INC Ransom
domingogarcia.com,Consumer Discretionary,Consumer Services,United States,"Corporate & Business Data, Personal Identifiable Information (PII), Financial & Payment Data, Human Resources Data, System & Infrastructure Data",30/3/2026,3276.8,INC Ransom
bclawoffices.com,Consumer Discretionary,Consumer Services,United States,"Corporate & Business Data, Personal Identifiable Information (PII), Financial & Payment Data, Human Resources Data, System & Infrastructure Data",3/3/2026,1126.4,INC Ransom
rheem,Industrials,Capital Goods,United States,,20/4/2026,320,INC Ransom
VLawyers,Industrials,Commercial & Professional Services,Greece,Corporate & Business Data,2/4/2026,260,INC Ransom
alupco.com,Materials,Materials,Saudi Arabia,"Corporate & Business Data, Personal Identifiable Information (PII), Financial & Payment Data, Human Resources Data, System & Infrastructure Data",17/4/2026,,INC Ransom
Mag. Fünder Hausverwaltungs GmbH,Real Estate,Real Estate Management & Development,Austria,,17/4/2026,,INC Ransom
bgcsnv.org,Consumer Discretionary,Consumer Services,United States,"Corporate & Business Data, Personal Identifiable Information (PII), Financial & Payment Data, Human Resources Data, System & Infrastructure Data",16/4/2026,,INC Ransom
treelawoffice.com,Consumer Discretionary,Consumer Services,United States,"Corporate & Business Data, Personal Identifiable Information (PII), Financial & Payment Data, Human Resources Data, System & Infrastructure Data",16/4/2026,21,INC Ransom
Infonet Media d.o.o.,Communication Services,Media & Entertainment,Slovenia,Personal Identifiable Information (PII),3/4/2026,,INC Ransom
Straten & Kollegen,Industrials,Commercial & Professional Services,Germany,,12/4/2026,,INC Ransom
morgancountyga.gov,Public Sector,Government Services,United States,"Corporate & Business Data, Personal Identifiable Information (PII), Financial & Payment Data, Human Resources Data, System & Infrastructure Data",11/4/2026,,INC Ransom
mastercom.com.au,Information Technology,Technology Hardware & Equipment,Australia,"Corporate & Business Data, Personal Identifiable Information (PII), Financial & Payment Data, Human Resources Data, System & Infrastructure Data",11/4/2026,,INC Ransom
martek co ltd.,Information Technology,Technology Hardware & Equipment,Taiwan,,10/4/2026,700,INC Ransom
mcfirm.com,Consumer Discretionary,Consumer Services,United States,"Corporate & Business Data, Personal Identifiable Information (PII), Financial & Payment Data, Human Resources Data, System & Infrastructure Data",2/3/2026,993,INC Ransom
www.davidhelfandlaw.com,Consumer Discretionary,Consumer Services,United States,"Corporate & Business Data, Personal Identifiable Information (PII), Financial & Payment Data, Human Resources Data, System & Infrastructure Data",26/3/2026,76,INC Ransom
PWNA Plains,Consumer Discretionary,Consumer Services,United States,Personal Identifiable Information (PII),24/3/2026,70,INC Ransom
rxm.com.au,Consumer Staples,Consumer Staples Distribution & Retail,Australia,"Corporate & Business Data, Personal Identifiable Information (PII), Financial & Payment Data, Human Resources Data, System & Infrastructure Data",8/4/2026,,INC Ransom
Community Connections,Health Care,Health Care Equipment & Services,United States,,29/3/2026,,INC Ransom
Kannarr Eye Care,Health Care,Health Care Equipment & Services,United States,,7/4/2026,,INC Ransom
Bitgo,Information Technology,Software & Services,Italy,"Corporate & Business Data, Financial & Payment Data",14/2/2026,,INC Ransom
Kentucky Injury,Consumer Discretionary,Consumer Services,United States,"Corporate & Business Data, Personal Identifiable Information (PII), Financial & Payment Data, Human Resources Data, System & Infrastructure Data",11/3/2026,236,INC Ransom
BERGE-BAU GmbH & Co. KG,Industrials,Capital Goods,Germany,,3/4/2026,,INC Ransom
roodtrucking.com,Industrials,Transportation,United States,"Corporate & Business Data, Personal Identifiable Information (PII), Financial & Payment Data, Human Resources Data, System & Infrastructure Data",3/4/2026,,INC Ransom
irpea.it,Health Care,Health Care Equipment & Services,Italy,"Corporate & Business Data, Personal Identifiable Information (PII), Financial & Payment Data, Human Resources Data, System & Infrastructure Data",2/4/2026,,INC Ransom
pulpdent.com,Health Care,Health Care Equipment & Services,United States,"Corporate & Business Data, Personal Identifiable Information (PII), Financial & Payment Data, Human Resources Data, System & Infrastructure Data",25/3/2026,85.4,INC Ransom
submissionfinance.com,Financials,Financial Services,Australia,"Corporate & Business Data, Personal Identifiable Information (PII), Financial & Payment Data, Human Resources Data, System & Infrastructure Data",31/3/2026,54,INC Ransom
thethibeauxfirm.com,Consumer Discretionary,Consumer Services,United States,"Corporate & Business Data, Personal Identifiable Information (PII), Financial & Payment Data, Human Resources Data, System & Infrastructure Data",11/3/2026,40,INC Ransom
Greenology Products,Consumer Staples,Household & Personal Products,United States,,29/3/2026,,INC Ransom
"Conveyors, Inc.",Industrials,Capital Goods,United States,,29/3/2026,,INC Ransom
jenningsk12.org,Consumer Discretionary,Consumer Services,United States,"Corporate & Business Data, Personal Identifiable Information (PII), Financial & Payment Data, Human Resources Data, System & Infrastructure Data",24/3/2026,,INC Ransom
csi-ri.com,Industrials,Capital Goods,United States,"Corporate & Business Data, Personal Identifiable Information (PII), Financial & Payment Data, Human Resources Data, System & Infrastructure Data",27/2/2026,,INC Ransom
meridenct.gov,Public Sector,Government Services,United States,"Corporate & Business Data, Personal Identifiable Information (PII), Financial & Payment Data, Human Resources Data, System & Infrastructure Data",11/3/2026,400,INC Ransom
cerboniservices.com,Industrials,Commercial & Professional Services,United States,"Corporate & Business Data, Personal Identifiable Information (PII), Financial & Payment Data, Human Resources Data, System & Infrastructure Data",24/3/2026,97,INC Ransom
ETFSA,Financials,Financial Services,South Africa,,26/3/2026,,INC Ransom
Teknopres_TR,Industrials,Capital Goods,Turkey,"Corporate & Business Data, Financial & Payment Data, Human Resources Data",9/3/2026,,INC Ransom
glenmarkpharma.com,Health Care,"Pharmaceuticals, Biotechnology & Life Sciences",India,"Corporate & Business Data, Personal Identifiable Information (PII), Financial & Payment Data, Human Resources Data, System & Infrastructure Data",25/3/2026,1843.2,INC Ransom
Kiswire,Materials,Materials,South Korea,,23/3/2026,128,INC Ransom
Estra Automotive,Consumer Discretionary,Automobiles & Components,Poland,"Corporate & Business Data, Personal Identifiable Information (PII), Financial & Payment Data, System & Infrastructure Data",7/3/2026,,INC Ransom
airports.com.na,Industrials,Transportation,,"Corporate & Business Data, Personal Identifiable Information (PII), Financial & Payment Data, Human Resources Data, System & Infrastructure Data",19/3/2026,,INC Ransom
sensationalteeth.com,Health Care,Health Care Equipment & Services,United States,"Corporate & Business Data, Personal Identifiable Information (PII), Financial & Payment Data, Human Resources Data, System & Infrastructure Data",18/3/2026,,INC Ransom
frazercenter.org,Health Care,Health Care Equipment & Services,United States,"Corporate & Business Data, Personal Identifiable Information (PII), Financial & Payment Data, Human Resources Data, System & Infrastructure Data",16/3/2026,,INC Ransom
arbd.com,Consumer Discretionary,Consumer Services,United States,"Corporate & Business Data, Personal Identifiable Information (PII), Financial & Payment Data, Human Resources Data, System & Infrastructure Data",9/3/2026,,INC Ransom
piglerautomation.com,Industrials,Capital Goods,United States,Personal Identifiable Information (PII),1/3/2026,,INC Ransom
www.integer.net,Health Care,Health Care Equipment & Services,United States,,13/3/2026,,INC Ransom
JDV Products,Industrials,Capital Goods,United States,,12/3/2026,700,INC Ransom
tupeloeye.com,Health Care,Health Care Equipment & Services,United States,"Corporate & Business Data, Personal Identifiable Information (PII), Financial & Payment Data, Human Resources Data, System & Infrastructure Data",9/3/2026,15,INC Ransom
altaortho.com,Health Care,Health Care Equipment & Services,United States,"Corporate & Business Data, Personal Identifiable Information (PII), Financial & Payment Data, Human Resources Data, System & Infrastructure Data",9/3/2026,26,INC Ransom
pacepacific.com,Industrials,Capital Goods,United States,"Corporate & Business Data, Personal Identifiable Information (PII), Financial & Payment Data, Human Resources Data, System & Infrastructure Data",27/2/2026,86,INC Ransom
LHT Holdings Limited,Materials,Materials,Singapore,,9/3/2026,,INC Ransom
polymedicure.com,Health Care,Health Care Equipment & Services,India,"Corporate & Business Data, Personal Identifiable Information (PII), Financial & Payment Data, Human Resources Data, System & Infrastructure Data",20/2/2026,219,INC Ransom
northstaria.com,Financials,Insurance,United States,"Corporate & Business Data, Personal Identifiable Information (PII), Financial & Payment Data, Human Resources Data, System & Infrastructure Data",5/3/2026,,INC Ransom
saturnmachine.net,Industrials,Capital Goods,United States,"Corporate & Business Data, Personal Identifiable Information (PII), Financial & Payment Data, Human Resources Data, System & Infrastructure Data",4/3/2026,,INC Ransom
napolinlaw.com,Consumer Discretionary,Consumer Services,United States,,3/3/2026,,INC Ransom
hopkins-law.com,Consumer Discretionary,Consumer Services,United States,,3/3/2026,,INC Ransom
lawofficesoferichershler.com,Consumer Discretionary,Consumer Services,United States,,3/3/2026,,INC Ransom
brockmaninjurylawyer.com,Consumer Discretionary,Consumer Services,United States,,3/3/2026,,INC Ransom
"The City of Hesperia, CA",Public Sector,Government Services,United States,,3/3/2026,,INC Ransom
maisonlaw.com,Consumer Discretionary,Consumer Services,United States,,3/3/2026,,INC Ransom
cwpa.com,Industrials,Commercial & Professional Services,United States,"Corporate & Business Data, Personal Identifiable Information (PII), Financial & Payment Data, Human Resources Data, System & Infrastructure Data",3/3/2026,,INC Ransom
http://ramet-trom.co.il/,Industrials,Capital Goods,Israel,,1/3/2026,1024,INC Ransom
lke-group.com,Industrials,Capital Goods,Germany,"Corporate & Business Data, Personal Identifiable Information (PII), Financial & Payment Data, Human Resources Data, System & Infrastructure Data",1/3/2026,800,INC Ransom
abramssales.com,Industrials,Capital Goods,United States,"Corporate & Business Data, Personal Identifiable Information (PII), Financial & Payment Data, Human Resources Data, System & Infrastructure Data",1/3/2026,,INC Ransom
denmark.k12.wi.us,Consumer Discretionary,Consumer Services,United States,"Corporate & Business Data, Personal Identifiable Information (PII), Financial & Payment Data, Human Resources Data, System & Infrastructure Data",1/3/2026,,INC Ransom
APRO Asian Protection Pte Ltd,Industrials,Commercial & Professional Services,Singapore,"Corporate & Business Data, Personal Identifiable Information (PII), Financial & Payment Data, Human Resources Data, System & Infrastructure Data",26/2/2026,198,INC Ransom
Lymphedema Therapy Specialists,Health Care,Health Care Equipment & Services,United States,,27/2/2026,,INC Ransom
Empresa de Transportes Via Pajuçara Ltda.,Industrials,Transportation,Brazil,"Corporate & Business Data, Financial & Payment Data, Human Resources Data",27/2/2026,209,INC Ransom
Tract Consulting,Industrials,Commercial & Professional Services,Canada,"Corporate & Business Data, Personal Identifiable Information (PII), Financial & Payment Data, Human Resources Data",27/2/2026,,INC Ransom
"JA AKITA KITA LIFE SERVICE, K.K",Consumer Discretionary,Consumer Services,Japan,"Corporate & Business Data, Financial & Payment Data, Human Resources Data, System & Infrastructure Data",26/2/2026,43.1,INC Ransom
WE Fitness,Consumer Discretionary,Consumer Services,Thailand,"Corporate & Business Data, Financial & Payment Data, Human Resources Data",26/2/2026,32.7,INC Ransom
"Law Offices Taenzer & Ettenson, P.C. (tesalaw.com)",Consumer Discretionary,Consumer Services,United States,,25/2/2026,30,INC Ransom
acwapower.com \ https://www.larsentoubro.com/,Utilities,Utilities,United Arab Emirates,,24/2/2026,400,INC Ransom
primepak.com,Materials,Materials,United States,"Corporate & Business Data, Personal Identifiable Information (PII), Financial & Payment Data, Human Resources Data, System & Infrastructure Data",23/2/2026,,INC Ransom
The City of Cocoa,Public Sector,Government Services,United States,,23/2/2026,,INC Ransom
moultriesheriff.com,Public Sector,Government Services,United States,"Corporate & Business Data, Personal Identifiable Information (PII), Financial & Payment Data, Human Resources Data, System & Infrastructure Data",4/2/2026,187,INC Ransom
atchadwick.net,Industrials,Capital Goods,United States,"Corporate & Business Data, Personal Identifiable Information (PII), Financial & Payment Data, Human Resources Data, System & Infrastructure Data",12/2/2026,,INC Ransom
aircotedivoire.com,Industrials,Transportation,South Africa,"Corporate & Business Data, Personal Identifiable Information (PII), Financial & Payment Data, Human Resources Data, System & Infrastructure Data",19/2/2026,,INC Ransom
distinctive-systems.com,Information Technology,Software & Services,Australia,"Corporate & Business Data, Personal Identifiable Information (PII), Financial & Payment Data, Human Resources Data, System & Infrastructure Data",17/2/2026,,INC Ransom
Rainier Clinical Research Center,Health Care,"Pharmaceuticals, Biotechnology & Life Sciences",United States,"Corporate & Business Data, Personal Identifiable Information (PII), Financial & Payment Data, Human Resources Data",15/2/2026,,INC Ransom
lohmann-tapes.com,Materials,Materials,Germany,"Corporate & Business Data, Personal Identifiable Information (PII), Financial & Payment Data, Human Resources Data, System & Infrastructure Data",12/2/2026,700,INC Ransom
Ondine Biomedical,Health Care,Health Care Equipment & Services,Canada,"Corporate & Business Data, Personal Identifiable Information (PII), Financial & Payment Data",15/2/2026,,INC Ransom
ACS Accountancy,Industrials,Commercial & Professional Services,United States,"Corporate & Business Data, Personal Identifiable Information (PII), Financial & Payment Data",15/2/2026,,INC Ransom
ChokChey Finance,Financials,Financial Services,Cambodia,"Corporate & Business Data, Personal Identifiable Information (PII), Financial & Payment Data",2/2/2026,,INC Ransom
farbank.com (flywatertravel),Consumer Discretionary,Consumer Durables & Apparel,United States,,13/2/2026,100,INC Ransom
Hiwassee Builder Supply,Industrials,Capital Goods,United States,,13/2/2026,100,INC Ransom
Valgo SA,Industrials,Commercial & Professional Services,France,,11/2/2026,279,INC Ransom
tuftco,Industrials,Capital Goods,United States,,21/1/2026,100,INC Ransom
rswater.ae,Consumer Staples,"Food, Beverage & Tobacco",Saudi Arabia,,12/2/2026,,INC Ransom
Midwestern Oil & Gas,Energy,Energy,Nigeria,,12/2/2026,,INC Ransom
Best Attorneys,Consumer Discretionary,Consumer Services,United States,"Corporate & Business Data, Personal Identifiable Information (PII), Financial & Payment Data, System & Infrastructure Data",31/1/2026,,INC Ransom
excavationtourigny.ca,Industrials,Capital Goods,Canada,"Corporate & Business Data, Personal Identifiable Information (PII), Financial & Payment Data, Human Resources Data, System & Infrastructure Data",12/2/2026,51,INC Ransom
auxhomeservices.com,Consumer Discretionary,Consumer Durables & Apparel,United States,"Corporate & Business Data, Personal Identifiable Information (PII), Financial & Payment Data, Human Resources Data, System & Infrastructure Data",12/2/2026,45,INC Ransom
Foamtec International,Materials,Materials,United States,"Corporate & Business Data, Personal Identifiable Information (PII), Financial & Payment Data, Human Resources Data, System & Infrastructure Data",1/2/2026,120,INC Ransom
gbmme.com,Information Technology,Software & Services,United Arab Emirates,"Corporate & Business Data, Personal Identifiable Information (PII), Financial & Payment Data, Human Resources Data, System & Infrastructure Data",12/1/2026,200,INC Ransom
Hawk Law Group,Consumer Discretionary,Consumer Services,Georgia,"Corporate & Business Data, Personal Identifiable Information (PII), Financial & Payment Data, Human Resources Data, System & Infrastructure Data",31/1/2026,,INC Ransom
www.pucobre.cl,Materials,Materials,Chile,"Corporate & Business Data, Personal Identifiable Information (PII), Financial & Payment Data, Human Resources Data, System & Infrastructure Data",2/2/2026,1200,INC Ransom
Core Supply,Industrials,Capital Goods,United States,,6/2/2026,,INC Ransom
H-Behbehani Brothers WLL,Consumer Discretionary,Consumer Discretionary Distribution & Retail,Bahrain,"Corporate & Business Data, Personal Identifiable Information (PII), Financial & Payment Data, Human Resources Data, System & Infrastructure Data",2/2/2026,1331.2,INC Ransom
Blystone & Bailey,Industrials,Commercial & Professional Services,United States,"Corporate & Business Data, Personal Identifiable Information (PII), Financial & Payment Data, Human Resources Data, System & Infrastructure Data",1/2/2026,,INC Ransom
tob-bmw.sk,Consumer Discretionary,Consumer Discretionary Distribution & Retail,Slovakia,"Corporate & Business Data, Personal Identifiable Information (PII), Financial & Payment Data, Human Resources Data, System & Infrastructure Data",23/1/2026,590,INC Ransom
Western New York Energy,Energy,Energy,United States,,30/1/2026,100,INC Ransom
DIEHL & CELLA ADVOGADOS ASSOCIADOS,Industrials,Commercial & Professional Services,Brazil,,30/1/2026,100,INC Ransom
PK PINHÃO & KOIFFMAN ATTORNEYS AT LAW,Industrials,Commercial & Professional Services,Brazil,,30/1/2026,100,INC Ransom
Rod Danielson,Public Sector,Government Services,United States,,9/1/2026,,INC Ransom
Beacon Mutual Insurance,Financials,Insurance,United States,,29/1/2026,275,INC Ransom
AOT  Japan,Industrials,Transportation,Japan,,29/1/2026,,INC Ransom
OAB,Industrials,Commercial & Professional Services,Brazil,"Corporate & Business Data, Personal Identifiable Information (PII), Financial & Payment Data, Human Resources Data",21/1/2026,,INC Ransom
ttmet.co.th,Industrials,Capital Goods,Thailand,"Corporate & Business Data, Personal Identifiable Information (PII), Financial & Payment Data, Human Resources Data, System & Infrastructure Data",27/1/2026,,INC Ransom
Callagy Law Firm,Consumer Discretionary,Consumer Services,United States,,27/1/2026,355,INC Ransom
nbccministries.org,Consumer Discretionary,Consumer Services,United States,"Corporate & Business Data, Personal Identifiable Information (PII), Financial & Payment Data, Human Resources Data, System & Infrastructure Data",27/1/2026,,INC Ransom
anagnosdoor.com,Industrials,Capital Goods,United States,"Corporate & Business Data, Personal Identifiable Information (PII), Financial & Payment Data, Human Resources Data, System & Infrastructure Data",27/1/2026,,INC Ransom
The Carlson Law Firm,Consumer Discretionary,Consumer Services,United States,"Corporate & Business Data, Personal Identifiable Information (PII), Financial & Payment Data, Human Resources Data, System & Infrastructure Data",9/1/2026,2048,INC Ransom
shawhillprimaryschool.org.uk,Consumer Discretionary,Consumer Services,United Kingdom,"Corporate & Business Data, Personal Identifiable Information (PII), Financial & Payment Data, Human Resources Data, System & Infrastructure Data",27/1/2026,,INC Ransom
minorsgardencenter.com,Consumer Discretionary,Consumer Discretionary Distribution & Retail,United States,"Corporate & Business Data, Personal Identifiable Information (PII), Financial & Payment Data, Human Resources Data, System & Infrastructure Data",22/1/2026,,INC Ransom
newkirklaw.com,Consumer Discretionary,Consumer Services,United States,,27/1/2026,,INC Ransom
"The Trevino Group, Inc",Industrials,Capital Goods,United States,,27/1/2026,,INC Ransom
Uniflex Technology Inc,Information Technology,Technology Hardware & Equipment,Taiwan,,26/1/2026,430,INC Ransom
DeRenzis & Associates,Industrials,Commercial & Professional Services,United States,"Corporate & Business Data, Personal Identifiable Information (PII), Financial & Payment Data, Human Resources Data",25/1/2026,,INC Ransom
LGBTQ Center Orange county,Consumer Discretionary,Consumer Services,United States,"Corporate & Business Data, Financial & Payment Data",25/1/2026,,INC Ransom
JLK Rosenberger,Industrials,Commercial & Professional Services,United States,"Corporate & Business Data, Personal Identifiable Information (PII), Financial & Payment Data, Human Resources Data",25/1/2026,300,INC Ransom
goldair.gr,Industrials,Transportation,Greece,,23/1/2026,1024,INC Ransom
stignatiusijamsville.org,Consumer Discretionary,Consumer Services,United States,"Corporate & Business Data, Personal Identifiable Information (PII), Human Resources Data, System & Infrastructure Data",2/1/2026,24,INC Ransom
Elmore Goldsmith Kelley & deHoll,Industrials,Commercial & Professional Services,United States,,20/1/2026,,INC Ransom
Sandberg,Industrials,Commercial & Professional Services,United Kingdom,,20/1/2026,100,INC Ransom
Ju Teng International Holdings Ltd,Information Technology,Technology Hardware & Equipment,Taiwan,Corporate & Business Data,13/1/2026,200,INC Ransom
Southern Alberta Community Living Association,Health Care,Health Care Equipment & Services,Canada,,18/1/2026,,INC Ransom
MKC Customs Brokers International Inc.,Industrials,Transportation,United States,,18/1/2026,,INC Ransom
Fit-Line Global,Information Technology,Semiconductors & Semiconductor Equipment,United States,,9/1/2026,,INC Ransom
ecsc.org,Utilities,Utilities,United States,,16/1/2026,,INC Ransom
Cape Fear Country Club,Consumer Discretionary,Consumer Services,United States,"Corporate & Business Data, Personal Identifiable Information (PII)",9/1/2026,,INC Ransom
https://acswinc.com/,Industrials,Commercial & Professional Services,United States,,14/1/2026,1536,INC Ransom
https://bellowsmfg.com/company/,Industrials,Capital Goods,United States,,13/1/2026,1331.2,INC Ransom
cirrusaviation,Industrials,Transportation,United States,,12/1/2026,100,INC Ransom
Harrison Design,Industrials,Commercial & Professional Services,United States,,2/1/2026,100,INC Ransom
CompactInd,Consumer Staples,"Food, Beverage & Tobacco",United States,,4/1/2026,100,INC Ransom
Foshee Architecture,Industrials,Commercial & Professional Services,United States,,10/1/2026,,INC Ransom
stimgroup,Information Technology,Software & Services,Italy,,10/1/2026,100,INC Ransom
Automation One Business Systems Inc,Industrials,Commercial & Professional Services,Canada,,3/1/2026,,INC Ransom
proton-system_Serbia,Health Care,Health Care Equipment & Services,Serbia,,3/1/2026,130,INC Ransom
