ransomware_group,victim,country,description,created_date,countdown_end,slug
SafePay,abcseamless.com,US,"ABC Seamless is a U.S.-based home improvement and exterior construction company that specialises in custom on-site manufactured seamless steel siding, gutters, roofing and related exterior products for residential properties. Founded in 1978 and headquartered in Fargo, North Dakota, the company has grown into a recognised national brand with franchise operations and local service centres across many states. ABC Seamless manufactures products directly at customers’ homes using specialised equipment, which enables production of seamless steel siding and gutters that are designed to fit precisely without joints. This seamless approach is marketed as an innovation that enhances durability, reduces maintenance and improves protection from the elements compared with traditional sectional siding and gutter systems.",2026-01-19 18:08,,abcseamlesscom
SafePay,wohnverbund-st-gertrud.de,DE,"Wohnverbund St. Gertrud is a German social care and residential support organisation located in Morsbach, North Rhine-Westphalia, Germany. It operates as a non-profit residential network providing tailored living arrangements and support services for adults with intellectual and complex disabilities. The organisation manages multiple residential homes in the town centre, creating safe and structured living environments that go beyond basic accommodation to include social integration, skill development, personal care, community participation and leisure activities in areas like music, sport and culture. Residential units serve more than 120 adults, with specialised support adapted to individual needs and competencies, enabling residents to live as independently as possible while receiving necessary assistance.",2026-01-19 18:09,,wohnverbund-st-gertrudde
SafePay,ipu.co.il,,"IPU Industries Ltd. is a privately held Israeli industrial manufacturing company headquartered in Kiryat Gat, Israel, specialising in advanced plastic injection moulding and turnkey product solutions. Established in 1991, the company offers comprehensive design and production services — ranging from initial product design and mould engineering to injection moulding, assembly, quality control and final integration — all conducted under one roof. This end-to-end capability allows IPU to serve multiple sectors, including medical device manufacturing (diagnostic and surgical components), automotive parts, water-flow systems, consumer technology products and food-packaging components. Its facility features a clean room certified to medical-grade standards and a fully equipped in-house mould-making workshop, enabling both prototype and production tooling with rapid turnaround.",2026-01-19 18:11,,ipucoil
SafePay,greenhouseapt.com,US,"Greenhouse Apartments is a private residential real estate community and apartment complex located in the Greater Boston area of Massachusetts, with properties in Boston, Revere and nearby communities. The development is operated as a for-profit leasing and property management business that provides 1-, 2- and 3-bedroom rental units to urban professionals, families and students. Typical amenities found in the community include secure on-site management offices, fitness centres, resident lounges, rooftop decks, elevated outdoor spaces, bicycle storage and other convenience features designed to enhance urban living. Rents reflect the premium Boston housing market, with floor plan rates for larger apartments often in the higher end of the local rental spectrum.",2026-01-19 18:13,,greenhouseaptcom
SafePay,rlc.es,ES,"RLC Transportes (operating under Rau Load Cargo, S.L.) is a Spanish logistics and freight-transport company based in El Puig de Santa Maria, Valencia. Founded in 1993, the company initially specialised in transporting fruits and vegetables but has since expanded into the import and export of all types of goods, with a notable focus on refrigerated transport for temperature-sensitive cargo such as food products. RLC has grown into one of Spain’s most experienced transport agencies, operating a modern fleet of over 300 trucks and maintaining multiple delegations across Spain and Italy (e.g., Valencia, Barcelona, Seville, Bologna), alongside a professional team of more than 100 logistics operators and multilingual traffic coordinators.",2026-01-23 20:47,,rlces
SafePay,gsglobalresources.com,US,"GS Global Resources (often abbreviated GSGR) is an American industrial engineering and machine-performance solutions company headquartered in Mukwonago, Wisconsin. Founded in 1972, the firm has grown from a component distributor into a technical partner for original equipment manufacturers (OEMs) that operate in heavy-industry and mobile-equipment markets. GSGR’s expertise spans hydraulic systems, electronic controls, mechanical integration and software applications, allowing it to design, engineer and deliver advanced integrated solutions that enhance the performance, control and reliability of machinery used in sectors such as agriculture, construction, mining, forestry and industrial automation. The company’s offerings include custom hydraulic assemblies, operator cab solutions, control systems, sensor integration, remote monitoring, valve and power units, and bespoke engineering to address complex machine-design challenges.",2026-01-24 18:23,,gsglobalresourcescom
SafePay,lcpublishinggroup.com,IT,"LC Publishing Group S.p.A. is an international digital publishing and information services company headquartered in Milan, Italy. Founded in 2011, the group focuses on producing 100% digital information and news content in specialised professional markets, particularly legal, tax, finance and food sectors from a business-oriented perspective. Its portfolio includes a network of digital titles such as Legalcommunity.it, Financecommunity.it, Inhousecommunity.it and Foodcommunity.it, along with English-language sites such as Legalcommunity.ch, portals oriented to Middle East and North Africa and Latin American legal publications like Iberian Lawyer and The Latin American Lawyer. The group also organises industry events, awards, conferences and workshops across countries including Brazil, Mexico, Spain, Portugal, Egypt, Switzerland and Italy, supporting professional networking and thought leadership within its core fields.",2026-01-24 18:25,,lcpublishinggroupcom
SafePay,adifse.com.ar,AR,Administración de Infraestructuras Ferroviarias Sociedad del Estado,2026-01-24 18:27,,adifsecomar
SafePay,trulinemfg.com,US,"Tru-Line Manufacturing Company is an American industrial fabrication firm headquartered in Decatur, Alabama that specialises in the metal fabrication of precision hydraulic tube assemblies and structural tubing products for original equipment manufacturers (OEMs). Founded in 1976, the company has over 40 years of operational history and has built a reputation for supplying high-quality metallic hydraulic tubing assemblies, custom powder coating services and engineered fabrication solutions to sectors such as construction equipment, agricultural machinery, mining vehicles and stationary industrial equipment. Tru-Line’s products contribute to the performance and longevity of heavy-duty machinery used in essential infrastructure, food production, transportation and resource extraction.",2026-01-24 18:35,,trulinemfgcom
SafePay,superiordrywall.com,US,"Superior Drywall is an established American commercial drywall contracting company based in Oxnard, California, specialising in a range of interior construction services for retail, commercial and institutional projects. With almost 40 years of experience in the drywall industry, the firm focuses on light-gauge metal framing, standard metal stud framing, insulation, drywall installation and related finishing work for new builds and renovations. The company prides itself on high standards of workmanship, personalised service, experienced site supervision and a strong commitment to safety, including dedicated safety personnel and third-party inspection for job sites.",2026-01-24 18:47,,superiordrywallcom
SafePay,interr.com,GB,"Interr is a privately held security and risk-management services company headquartered at The Loom, 14 Gower’s Walk, London, UK. Established in 1998, the firm provides a wide range of protective and operational support services to businesses across the retail, hospitality, residential, corporate and event sectors in the United Kingdom, Europe and Asia. Interr’s core offerings include intelligent guarding, security officers, remote monitoring and response, reception and front-of-house staff, crisis management, investigations, security consultancy, safety training, and event security solutions tailored to complex organisational needs. The company also supports clients with bespoke compliance training, risk assessments and incident handling designed to enhance workplace safety, regulatory compliance and on-site resilience.",2026-01-24 18:48,,interrcom
SafePay,freidarothman.com,US,"Based jewelry and accessories brand founded and led by designer Freida Rothman, who grew up in Brooklyn and comes from a family with deep roots in jewelry craftsmanship. The company specialises in luxury fashion jewelry — including bracelets, necklaces, rings, earrings — as well as accessories such as eyewear and handbags, all designed with a contemporary aesthetic that blends elegance and urban edge. The brand’s signature design elements often incorporate mixed metals, matte finishes and architectural influences, reflecting its founder’s inspiration from the New York City environment and her focus on creating pieces that evoke strength, resilience and everyday glamour. Freida Rothman’s collections are sold online at freidarothman.com and through a network of independent jewelry boutiques and leading department stores across the United States, and the brand has garnered recognition within the fashion accessory sector for its distinctive style and craftsmanship.",2026-01-26 22:02,,freidarothmancom
SafePay,atadler.com.sg,SG,"Is a Singapore-based accounting, auditing and bookkeeping services firm that has been operating as a registered partnership since 25 October 2006, according to the Accounting and Corporate Regulatory Authority (ACRA) of Singapore. Its registered office is at 112 Robinson Road, Singapore, and the company specialises in financial services focused on accounting, auditing, taxation advisory and bookkeeping for small and medium-sized businesses in Singapore and potentially international clients as well.",2026-02-07 19:59,,atadlercomsg
SafePay,kres.cz,CZ,"Czech small-to-medium enterprise headquartered in Krnov – Pod Cvilínem, Czech Republic. The company specialises in the sale, repair and servicing of electric motors, pumps and power tools, and operates both as a service workshop and retailer of industrial maintenance equipment. Its product offerings include electric motors of various types, replacement parts and accessories, and it provides authorised repair and warranty services for several major tools and equipment brands — including FESTOOL, NAREX, BOSCH, MAKITA, DEWALT and Husqvarna — making it a one-stop partner for workshop and industrial tool needs. In addition to equipment repair, K R E S helps to equip workshops with tools and machines and produces traction electric motors for specialised applications.",2026-02-07 20:03,,krescz
SafePay,groupepiche.ca,CA,"Is a privately held Canadian construction and interior systems company headquartered in Ferme-Neuve, Québec with additional offices in Boisbriand (QC), Calgary (AB) and Ottawa (ON). Founded in 1999 by members of the Piché family, it evolved from a local firm into a national contractor specialising in interior systems and general contracting across institutional, commercial and industrial sectors. The company’s expertise includes steel stud framing, gypsum board installation, joint taping, insulation, soundproofing, project estimation and full construction project management services. It emphasises a family-oriented culture and professional project execution, which supports its delivery of large-scale construction work throughout Canada while maintaining quality and human-centred collaboration.",2026-02-07 20:07,,groupepicheca
SafePay,Franz-Sales-Haus.de,DE,"Located at Steeler Straße 261, 45138 Essen, is a support organization dedicated to empowering people with disabilities to live self-determined lives. It fosters inclusion through services in housing, education, work, sports, and health, creating opportunities for interaction between people with and without disabilities",2026-03-03 18:27,,franz-sales-hausde
SafePay,ripobec.com,CA,"Is a Canadian family-owned agricultural supply company headquartered in Saint-Apollinaire, Quebec, specialising in the production and distribution of premium wood shavings and bedding products for livestock. Since its founding in 1975, the company has built a reputation for manufacturing high-quality bedding made from virgin spruce and pine, tailored to the needs of equine, dairy, hog and poultry industries. Its product range — sold under brands such as OBEC’S Premium XLS, MS, SS and Pick O Bec — includes wood shavings with differing absorption levels, dust control and hygiene performance designed to support animal comfort, barn cleanliness and disease risk reduction in livestock environments. Rip-O-Bec also offers custom blends, wood pellets, rubber mats and peat moss under its agricultural product lineup, distributing both domestically in Canada and the United States and internationally in regions such as Europe, Asia and the Middle East.",2026-03-03 19:16,,ripobeccom
SafePay,smileteam.com.au,AU,"Is a privately owned Australian healthcare company specialising in orthodontic treatment and dental alignment services. The organisation was founded around 2000 and is headquartered in Fairy Meadow, New South Wales, with additional clinics located in Shellharbour, Parramatta, Bowral and other areas of New South Wales. The company focuses exclusively on orthodontics, providing services such as traditional metal braces, ceramic braces, lingual braces and clear aligner systems such as Invisalign, which are used to gradually reposition teeth and correct bite problems.",2026-03-06 19:04,,smileteamcomau
SafePay,tiefenbachergroup.com,DE,"Is a 100% family-owned, leading global healthcare company founded in 1963 and based in Hamburg, Germany. The company operates across the entire pharmaceutical value chain, focusing on developing, manufacturing, and distributing Active Pharmaceutical Ingredients (APIs) and finished dosage forms (FDFs), including highly potent drugs, to make them more affordable and available worldwide.",2026-03-17 18:23,,tiefenbachergroupcom
SafePay,briwaycarriers.com,CA,"Ontario-based transportation company specializing in specialized freight, including a dedicated glass division and agricultural services. They offer global supply chain solutions, operating with over 50 employees, 38 trucks, and 70+ trailers, focusing on safety, quality, and innovative equipment, according to their about page and other information.",2026-03-17 18:25,,briwaycarrierscom
SafePay,mattandsteve.com,CA,"Is a Canadian food manufacturer based in Mississauga, Ontario, founded in 2000 by Matthew Larochelle and Steve McVicker. Known for creating ""The Extreme Bean,"" a popular Caesar cocktail garnish, the company offers all-natural, premium pickled products (beans, asparagus, pickles) and ready-to-drink Caesar beverages.",2026-03-17 18:26,,mattandstevecom
SafePay,thenavigatorcompany.com,PT,"Is a major Portuguese producer of forestry, pulp, paper, tissue, and sustainable packaging solutions, recognized as Europe's largest manufacturer of uncoated wood-free (UWF) paper. It is a global benchmark in the industry, focusing on sustainable eucalyptus forestry, bioenergy, and eco-friendly products, with a strong export presence.",2026-03-17 18:40,,thenavigatorcompanycom
SafePay,brookercg.com,US,Brooker Construction Group (BCG),2026-03-24 07:05,,brookercgcom
SafePay,academyhealth.org,US,"Is a U.S.-based nonprofit professional organization headquartered in Washington, D.C., dedicated to advancing the fields of health services research and health policy. Originally established in 1976 (with its modern structure formed in 2000), the organization serves as a central hub for researchers, policymakers, healthcare practitioners and analysts working to improve healthcare systems through evidence-based research.",2026-04-06 20:17,,academyhealthorg
SafePay,bbalawgroup.com,US,"Also referred to as BBA Immigration, is a boutique U.S. legal practice headquartered in Houston, Texas, specialising in immigration law services for individuals and businesses. Established around 2018, the firm focuses on helping clients navigate complex immigration processes, including employment-based visas, family immigration, legal residency applications and related compliance matters.",2026-04-16 19:09,,bbalawgroupcom
SafePay,cheeky.com.ar,AR,"Cheeky is a well-established Argentine children’s fashion brand owned by CHEEK S.A., headquartered in Martínez, Buenos Aires Province. Founded in 1994, the company has grown into one of the most recognized brands in the Latin American children’s apparel market, specialising in clothing and accessories for babies and children aged 0 to 12 years. The company designs, manufactures and retails a comprehensive product range that includes casualwear, seasonal collections, footwear, accessories and selected personal care products. Its brand identity is influenced by a contemporary style with elements of American vintage aesthetics, aiming to combine comfort, durability and fashion appeal for children.",2026-04-16 19:20,,cheekycomar
SafePay,abfall-kreis-kassel.de,DE,"The website abfall-kreis-kassel.de represents the Abfallentsorgung Kreis Kassel, a publicly owned waste management entity (Eigenbetrieb) operated by the district of Kassel (Landkreis Kassel) in the German state of Hesse. Its primary responsibility is to organise and manage municipal waste collection, recycling and disposal services for residents and businesses within the district. The organisation provides a comprehensive range of services including household waste collection, bulky waste (Sperrmüll) pickup, hazardous waste disposal, recycling centre operations, composting services and waste consulting. It also operates digital tools such as an online waste calendar and mobile app that help residents track collection schedules and manage their waste efficiently.",2026-04-16 19:28,,abfall-kreis-kasselde
SafePay,genealogysa.org.au,AU,"Genealogy SA, formally known as the South Australian Genealogy & Heraldry Society, is a leading Australian nonprofit organisation dedicated to family history and genealogical research. Founded in 1973, it has grown into the largest family history society in Australia, with over 4,300 members and a strong network of approximately 230 volunteers supporting its operations. Headquartered in Unley, South Australia, the organisation operates a specialised library and research centre that houses one of the most extensive collections of genealogical resources in the region, including books, microfiche, journals and archival materials, as well as access to more than 8 million digitised records.",2026-04-16 19:32,,genealogysaorgau
SafePay,lynxprecast.co.uk,GB,"Lynx Precast Ltd is a UK-based construction manufacturing company specialising in the design, manufacture and installation of precast concrete products for the building industry. Headquartered in Ashington, Northumberland, with additional operations in Wakefield, West Yorkshire, the company was founded in 2014 and has grown into a recognised supplier within the UK construction sector. The company focuses primarily on precast concrete flooring systems and structural components, including beam and block flooring, insulated flooring systems, hollowcore slabs, stairs, landings and lift shafts.",2026-04-16 19:34,,lynxprecastcouk
SafePay,thruwayplumbingservice.com,US,Thru Way Plumbing & Heating Inc.,2026-04-16 19:39,,thruwayplumbingservicecom
SafePay,favellefavco.com,AU,"Favelle Favco is a leading manufacturer of heavy-duty cranes, including: - tower cranes - offshore cranes - wharf and marine cranes - crawler and mobile lifting systems The company also provides: - crane rental services - maintenance and after-sales support - engineering solutions for construction, oil & gas, and marine industries It is known for producing some of the largest and most powerful tower cranes in the world, used in major infrastructure and offshore projects.",2026-04-16 19:42,,favellefavcocom
SafePay,st-bernards.bham.sch.uk,GB,"St Bernard’s Catholic Primary School Wake Green Road, Moseley, Birmingham, West Midlands, England, B13 9QE",2026-04-16 19:46,,st-bernardsbhamschuk
SafePay,energyaction.com.au,AU,"Is an energy management and consulting company that helps businesses reduce their energy costs and carbon emissions. Its main services include: - energy procurement (buying electricity and gas at better prices) - energy management and reporting - carbon emissions tracking and reduction strategies - renewable energy solutions (solar, batteries, etc.) The company uses data analytics and auction-based procurement systems to help clients get competitive energy contracts and improve efficiency.",2026-05-01 19:37,,energyactioncomau
SafePay,hpk.hamburg,DE,"Is a Hamburg-based, family-run international trading company with over 50 years of experience, specializing in premium meat and seafood imports. They supply European customers with high-quality, traceable products like New Zealand lamb and Chilean pork, focusing on sustainability, personal service, and tailored logistics.",2026-05-01 19:40,,hpkhamburg
SafePay,hokuyo2006.co.jp,JP,"Is a Japanese company that operates as part of a larger industrial group connected to packaging, logistics, and housing-related businesses. It is affiliated with the Tomoku Group, a publicly listed corporation specializing in corrugated packaging and logistics solutions. The company contributes to integrated supply chain operations, including transportation, warehousing, and distribution services across Japan. Its business model focuses on optimizing logistics efficiency, reducing operational costs, and supporting industrial clients through advanced distribution systems. Hokuyo benefits from group synergies, particularly in packaging manufacturing and logistics infrastructure, allowing it to provide end-to-end solutions. Although detailed financial figures are not publicly available, companies within such logistics networks typically generate moderate revenues depending on regional operations. Hokuyo’s role within a larger corporate ecosystem suggests stable income streams derived from long-term industrial partnerships and domestic logistics demand.",2026-05-04 19:48,,hokuyo2006cojp
SafePay,bootstransport.ca,CA,"Is a Canadian transportation and logistics company specializing in freight delivery and supply chain services. The company primarily operates in regional and cross-border transportation, offering trucking, freight management, and logistics coordination solutions. Its services typically include full truckload (FTL) and less-than-truckload (LTL) shipping, as well as specialized cargo handling depending on client requirements. Companies in this segment play a crucial role in North American supply chains, especially in industries such as construction, retail, and manufacturing. Boots Transport likely operates as a small-to-medium enterprise, focusing on reliability, timely delivery, and customer-oriented logistics solutions. Revenue estimates are based on similar Canadian transport firms with limited public disclosure. The company’s earnings depend heavily on fuel costs, freight demand, and economic activity in regional markets.",2026-05-04 19:51,,bootstransportca
SafePay,dahlgrenscement.se,,"Is a Swedish company operating in the construction materials sector, particularly focused on cement and related building products. Companies in this field typically supply raw materials for infrastructure, residential construction, and industrial projects. The firm likely engages in production, distribution, and possibly recycling of construction materials, aligning with Scandinavian sustainability standards. Sweden’s construction industry emphasizes environmental responsibility, which suggests Dahlgrens Cement may incorporate eco-friendly technologies and materials. While exact financial data is unavailable, comparable regional cement suppliers generate moderate revenues due to steady demand from infrastructure development and renovation projects. The company’s performance is influenced by construction cycles, government infrastructure spending, and raw material costs.",2026-05-04 19:54,,dahlgrenscementse
SafePay,maiadouro.pt,PT,"Appears to be a Portuguese company connected to the Douro region, which is internationally known for wine production and agriculture. Businesses in this region often specialize in viticulture, wine export, and agrotourism. The company likely participates in wine production, distribution, or agricultural services tied to vineyards. The Douro Valley is a UNESCO-recognized wine region, and companies operating there benefit from strong export demand, especially for port wine and premium Portuguese wines. Revenue varies widely depending on production scale and export reach. Smaller wineries and agricultural firms typically generate modest revenues but can achieve higher margins through premium branding and international distribution.",2026-05-04 19:59,,maiadouropt
SafePay,zonaovest.to.it,IT,"Is likely an Italian regional organization or consortium based in the Turin (Torino) area. Entities with similar naming conventions in Italy often focus on local development, municipal cooperation, or regional services. Such organizations may coordinate economic development projects, infrastructure planning, or public-private partnerships aimed at improving local communities. They often collaborate with municipalities and businesses to support innovation, sustainability, and regional competitiveness. Revenue for such entities is typically limited and may come from public funding, grants, or service contracts rather than traditional commercial activities. Their economic impact is more indirect, contributing to regional growth rather than generating high profits.",2026-05-04 20:01,,zonaovesttoit
SafePay,fital-treppenlifte.de,DE,"Is a German company specializing in stairlifts and mobility solutions for individuals with reduced mobility. The company operates in the assistive technology and healthcare equipment sector, providing customized stairlift installations for residential and commercial use. Its product portfolio likely includes straight and curved stairlifts, platform lifts, and maintenance services. The company benefits from demographic trends in Europe, particularly the aging population, which increases demand for accessibility solutions. German engineering standards and regulatory requirements ensure high-quality manufacturing and safety compliance. Companies in this sector typically achieve stable revenues due to consistent demand and government-supported healthcare programs.",2026-05-04 20:03,,fital-treppenliftede
SafePay,id-s.de,DE,"Is a German company operating in the field of digital technologies and IT-related services. Although detailed public information is limited, the company’s website infrastructure indicates the use of modern web technologies such as cloud platforms and analytics tools, suggesting involvement in digital solutions, system integration, or IT services. Companies of this type in Germany typically focus on providing customized software solutions, IT consulting, and digital transformation services for industrial and commercial clients. The firm likely serves small and medium-sized enterprises (SMEs), offering services such as infrastructure management, web development, and possibly cybersecurity or data management.",2026-05-06 19:26,,id-sde
SafePay,mbk-gmbh.de,DE,MBK Metallveredlung Brazel GmbH,2026-05-06 19:27,,mbk-gmbhde
SafePay,ettp.be,BE,ETTP (European Technology and Training Platform or similarly named organization),2026-05-06 19:28,,ettpbe
SafePay,studioubertazzi.it,IT,"Is an Italian firm that likely operates in the field of professional services such as architecture, design, or engineering consulting. Italian “studio” companies are commonly small-to-medium enterprises providing specialized expertise in areas like urban planning, interior design, or structural engineering. The firm probably offers customized design solutions, project management, and consulting services for residential, commercial, or public-sector projects. In Italy, such studios often combine creative design with technical expertise, working closely with clients to deliver tailored solutions that comply with regulatory and aesthetic standards.",2026-05-06 19:30,,studioubertazziit
SafePay,globalmerchservices.com,GB,Global Merchandising Services Ltd,2026-05-06 19:32,,globalmerchservicescom
SafePay,soavegel.it,IT,"Is an Italian food manufacturing company specializing in frozen gastronomic products. Founded in 1935 in Francavilla Fontana, the company has developed into a significant player in the frozen food sector, producing a wide range of items such as snacks, ready meals, and bakery-based products. The company operates advanced production facilities covering approximately 40,000 square meters and maintains high levels of automation in both manufacturing and logistics processes. Its production capacity reaches up to 65,000 kilograms per day, supported by modern cold storage and distribution systems.",2026-05-06 19:34,,soavegelit
SafePay,smp.cat,ES,"Is a private healthcare organization based in Catalonia, Spain, operating in the Hospitals & Physicians Clinics sector. Founded in 1993 by Dr. Josep Panyella, the company has evolved from a small regional initiative into a well-established medical group serving the Penedès and Garraf regions. SMP provides a comprehensive range of healthcare services, including general medicine, specialist consultations, diagnostic imaging, rehabilitation, dental care, and outpatient surgery. Its multidisciplinary approach allows patients to access integrated medical care across several facilities located in cities such as Vilafranca del Penedès, Vilanova i la Geltrú, El Vendrell, and Sant Sadurní d’Anoia.",2026-05-06 19:37,,smpcat
SafePay,gingerichtrucking.com,US,"Is a U.S.-based freight transportation company operating primarily in interstate logistics. The company specializes in hauling general freight, agricultural products such as grain and livestock, and other bulk commodities. As a small-to-medium trucking enterprise, it operates a limited fleet of trucks and trailers and serves regional and national routes within the United States. Its business model focuses on contract-based freight transportation, working with agricultural producers, distributors, and logistics brokers. Companies in this segment are highly dependent on fuel costs, freight demand, and seasonal agricultural cycles. Gingerich Trucking maintains compliance with federal transportation regulations and operates under official carrier authorization.",2026-05-06 19:39,,gingerichtruckingcom
SafePay,jmige.com,US,"JMIGE appears to be a company with limited publicly available information, making precise classification difficult. Based on naming conventions and comparable domains, it may operate in engineering, industrial services, or consulting sectors. Companies with similar profiles often provide technical services such as project management, engineering consulting, or industrial solutions for corporate clients. These firms typically work on a contract basis, delivering customized solutions rather than standardized products.",2026-05-06 19:40,,jmigecom
SafePay,berlinmobil.de,DE,"Is a German transportation company headquartered in Berlin, specializing in bus charter services, passenger transportation, school transport, and mobility solutions for people with disabilities. Founded shortly after the reunification of Germany, the company has grown into one of the largest privately owned bus charter operators in Berlin. It currently employs more than 120 staff members and manages a fleet of over 70 vehicles, including premium coaches and specialized transport vehicles. The company provides a broad range of services, including city tours, event transportation, airport transfers, educational transport, and public mobility programs. BerlinMobil is also involved in accessible transportation services for disabled passengers and collaborates with public institutions in Berlin. Its fleet mainly consists of Setra and Mercedes-Benz buses equipped with modern telematics, navigation systems, and passenger comfort technologies.",2026-05-18 15:12,,berlinmobilde
SafePay,adlan.com,CA,"ADLAN Corporation is a Canadian technology services company headquartered in Burlington, Ontario.",2026-05-18 18:58,,adlancom
SafePay,printroom.co.uk,GB,"The Printroom Group is a British commercial printing company headquartered in Bracknell, Berkshire.",2026-05-18 19:20,,printroomcouk
SafePay,hautarzt-budihardja.de,DE,"Hautarztpraxis Dr. Budihardja is a specialized dermatology and allergology medical practice located in Gießen, Germany.",2026-05-18 19:25,,hautarzt-budihardjade
SafePay,mediafrance.de,DE,"MediaFrance is a European media and advertising organization specializing in digital communication, branded content production, and multimedia marketing services.",2026-05-18 19:29,,mediafrancede
SafePay,ashleytimber.co.uk,GB,"Ashley Timber Limited is a long-established British timber merchant and building materials supplier based in South Shields, Tyne and Wear.",2026-05-18 19:33,,ashleytimbercouk
SafePay,harrisoncountywv.com,US,"Harrison County Commission, the primary governing authority of Harrison County, West Virginia.",2026-05-18 19:44,,harrisoncountywvcom
SafePay,olipes.com,ES,"Olipes S.L. is a Spanish chemical manufacturing company specializing in the development and production of lubricants, industrial greases, refrigerants, brake fluids, and other high-performance petrochemical products.",2026-05-19 20:28,,olipescom
SafePay,eitecpro.co.jp,JP,"EITEC PRO Co., Ltd. is a Japanese construction-related service company specializing in the repair, restoration, and repainting of damaged architectural materials and building components.",2026-05-25 18:27,,eitecprocojp
SafePay,tme-rusta.de,DE,"TME RUSTA PLAYLAND GmbH is a German manufacturing and construction company specializing in children’s playground equipment, interior furnishing systems, and commercial fit-out solutions.",2026-05-25 18:29,,tme-rustade
SafePay,cyuou.com,JP,"Cyujo Co., Ltd. is a Japanese digital marketing and web production company headquartered in Osaka, Japan.",2026-05-25 18:31,,cyuoucom
SafePay,vdmtrucking.com,CA,"VDM Trucking Service Ltd. is a Canadian transportation and logistics company specializing in heavy hauling, oilfield transportation, rig moving, highway freight, and tubular storage services.",2026-05-25 18:33,,vdmtruckingcom
SafePay,soraris.it,IT,"SORARIS S.p.A. is an Italian environmental services company headquartered in Sandrigo, in the Province of Vicenza, Veneto.",2026-06-01 18:52,,sorarisit
SafePay,lcnet.eu,DE,"LCnet is a European logistics and transportation network that connects several freight forwarding and logistics companies operating across Germany, the Czech Republic, Slovakia, Hungary, and other Central European markets.",2026-06-01 18:59,,lcneteu
SafePay,verzolla.com,IT,"Verzolla S.r.l. is an Italian industrial distribution and engineering company headquartered in Monza, Lombardy.",2026-06-01 19:02,,verzollacom
SafePay,compactmould.com,CA,Compact Mould Ltd. is a Canadian manufacturing company specializing in the design and production of high-precision moulds for the rigid plastic container industry.,2026-06-01 19:07,,compactmouldcom
SafePay,tavolaspa.com,IT,Tavola S.p.A. is an Italian consumer goods company headquartered in Milan and founded in 1947.,2026-06-01 19:09,,tavolaspacom
SafePay,iql-nog.com,ES,"Industrial Química Lasem S.A.U. (IQL) is a Spanish chemical manufacturing company headquartered in Castellgalí, Barcelona.",2026-06-02 16:14,,iql-nogcom
SafePay,hughstirling.co.uk,DE,"Todt Steuerberatungsgesellschaft mbB is a German professional services firm specializing in tax consulting, accounting, payroll administration, and business advisory services.",2026-06-15 18:49,,hughstirlingcouk
SafePay,tokyocivil.co.jp,JP,"Tokyo Civil Co., Ltd. is a Japanese construction company headquartered in Edogawa City, Tokyo.",2026-06-15 18:50,,tokyocivilcojp
SafePay,kawaius.com,US,"Kawai America Corporation is the North American subsidiary of Kawai Musical Instruments Manufacturing Co., Ltd., one of the world's leading piano manufacturers.",2026-06-15 18:52,,kawaiuscom
SafePay,musenet.co.jp,JP,"Matsuzawa Company, operating the Musenet platform (musenet.co.jp), is a Japanese wholesaler specializing in the distribution of sheet music, music books, and related educational publications.",2026-06-15 18:53,,musenetcojp
SafePay,bautz-maschinenbau.de,DE,"BAUTZ Maschinen- und Stahlbau GmbH is a German engineering and manufacturing company headquartered in Mönchengladbach, North Rhine-Westphalia.",2026-06-15 18:56,,bautz-maschinenbaude
SafePay,aquaclean.com,ES,"Aquaclean Group is a Spanish textile manufacturer headquartered in Muro de Alcoy, Alicante.",2026-06-15 18:57,,aquacleancom
SafePay,hoodriversheriff.com,US,"The Hood River County Sheriff's Office (HRSO) is the principal law enforcement agency responsible for maintaining public safety in Hood River County, Oregon.",2026-06-15 18:58,,hoodriversheriffcom
SafePay,seinordovest.it,IT,"SEI Nord Ovest S.p.A. is an Italian environmental services company specializing in the collection, treatment, recycling, and disposal of municipal solid waste.",2026-06-17 19:40,,seinordovestit
SafePay,zaunsysteme.de,DE,"ZAUNSYSTEME Deutschland GmbH is a German company specializing in the manufacture, distribution, and installation of fencing and access control solutions for residential, commercial, and industrial applications.",2026-06-17 19:43,,zaunsystemede
SafePay,brscappuccio.it,IT,B.R.S. Cappuccio S.r.l. is an Italian company operating in the healthcare and medical supplies sector.,2026-06-17 19:44,,brscappuccioit
SafePay,gut-heckenhof.de,DE,"Gut Heckenhof Hotel & Golfresort an der Sieg GmbH & Co. KG is a German hospitality and leisure company located in Eitorf, North Rhine-Westphalia.",2026-06-17 19:46,,gut-heckenhofde
SafePay,ehg.bayern,DE,"EHG Dienstleistung GmbH is a German environmental and energy services company headquartered in Traunstein, Bavaria.",2026-06-22 20:57,,ehgbayern
SafePay,hellmold-plank.de,DE,"Hellmold & Plank GmbH & Co. KG is a German logistics and freight forwarding company headquartered in Gießen, Hesse.",2026-06-27 18:08,,hellmold-plankde
SafePay,harcourts.net,AU,"Harcourts International is one of the world's largest real estate franchise networks, specializing in residential, commercial, rural, and property management services.",2026-06-29 20:37,,harcourtsnet
SafePay,awo-suedost.de,DE,AWO Berlin Kreisverband Südost e.V. is a German non-profit social welfare organization headquartered in Berlin.,2026-07-01 19:08,,awo-suedostde
SafePay,dia179.com,DE,DIA179 GmbH is a German architectural and engineering company headquartered in Berlin.,2026-07-01 19:10,,dia179com
SafePay,eaglecrestlife.org,US,"Eagle Crest Communities is a nonprofit senior healthcare organization headquartered in La Crosse, Wisconsin.",2026-07-01 19:12,,eaglecrestlifeorg
SafePay,hahn-airport.de,DE,"TRIWO Hahn Airport GmbH is the operator of Hahn Airport (HHN), an international commercial airport located in Rhineland-Palatinate, Germany.",2026-07-06 18:41,,hahn-airportde
SafePay,matrixwebagency.com,US,Matrix Web Agency is an American IT and digital media agency founded in 2019.,2026-07-06 18:48,,matrixwebagencycom
SafePay,bmiprojects.de,DE,"BMI Projects GmbH was a German engineering and interior construction company headquartered in Hamburg, specializing in turnkey interior solutions for cruise ships.",2026-07-06 18:50,,bmiprojectsde
SafePay,caritas-koblenz.de,DE,Caritasverband Koblenz e. V. is one of the largest regional social welfare organizations in western Germany.,2026-07-06 18:52,,caritas-koblenzde
SafePay,knobel-bau.de,DE,"KNOBEL Bau-Gruppe is a German family-owned construction company headquartered in Hartheim am Rhein, Baden-Württemberg.",2026-07-06 18:56,,knobel-baude
SafePay,rtngmbh.de,DE,"RTN Rohrleitungs- und Tiefbau GmbH is a German civil engineering and infrastructure construction company headquartered in Neubrandenburg, Mecklenburg-Vorpommern.",2026-07-06 18:59,,rtngmbhde
SafePay,stedwardscatholicfirstschool.co.uk,GB,"St Edward's Catholic First School is a state-funded Roman Catholic primary school located in Windsor, Berkshire, England.",2026-07-06 19:02,,stedwardscatholicfirstschoolcouk
SafePay,lh-wohnverbund-wohnen-nrw.de,DE,"Lebenshilfe Wohnverbund NRW gGmbH and Lebenshilfe Wohnen NRW gGmbH are German non-profit organizations headquartered in Wuppertal, North Rhine-Westphalia.",2026-07-06 19:03,,lh-wohnverbund-wohnen-nrwde
SafePay,shw-fr.de,DE,"SHW Schmiedetechnik GmbH & Co. KG is a German manufacturing company headquartered in Baiersbronn-Friedrichstal, Baden-Württemberg.",2026-07-06 19:06,,shw-frde
SafePay,wdk.de,DE,The Wirtschaftsverband der deutschen Kautschukindustrie e.V. (WDK) is the principal trade association representing Germany's rubber and tire manufacturing industry.,2026-07-20 18:20,,wdkde
SafePay,jaecklin-industrial.de,DE,"Jäcklin GmbH, operating under the Jäcklin Industrial brand, is a German family-owned mechanical engineering company headquartered in Augsburg, Bavaria.",2026-07-20 18:23,,jaecklin-industrialde
SafePay,lbb-treuhand.de,DE,"LBB Treuhand- und Steuerberatungsgesellschaft mbH is a German professional services firm headquartered in Isny im Allgäu, Baden-Württemberg.",2026-07-20 18:25,,lbb-treuhandde
SafePay,timetex.de,DE,"TimeTEX HERMEDIA Verlag GmbH is a German family-owned company headquartered in Riedenburg, Bavaria, specializing in educational supplies, teaching materials, and organizational products for schools and childcare institutions.",2026-07-20 18:27,,timetexde
SafePay,stroebel-gruppe.de,DE,The Ströbel Group is a German family-owned manufacturer specializing in flexible packaging solutions for industrial and commercial applications.,2026-07-20 18:28,,stroebel-gruppede
SafePay,industriesjaro.com,CA,"Industries Jaro Inc. is a Canadian manufacturing company headquartered in Drummondville, Quebec. Established in 1975 as a spin-off from the Caya family's manufacturing business, whose origins date back to 1909, the company specializes in the design and production of custom metal enclosures, kiosks, public infrastructure equipment, and fabricated aluminum products.",2026-07-20 18:30,,industriesjarocom
SafePay,cenesco.de,DE,"Cenesco GmbH is a German IT consulting and system integration company headquartered in Lünen, North Rhine-Westphalia.",2026-07-20 18:31,,cenescode
SafePay,acsmallmaxwell.com.au,AU,"A C Small Maxwell & Co is an Australian boutique accounting and advisory firm headquartered in Grafton, New South Wales.",2026-07-20 18:32,,acsmallmaxwellcomau
SafePay,mende-grundbesitz.de,DE,M. Mende Grundbesitzverwaltungs GmbH is a German property management company headquartered in Berlin.,2026-07-20 18:34,,mende-grundbesitzde
SafePay,upland.k12.ca.us,US,"Upland Unified School District (UUSD) is a public school district headquartered in Upland, California, serving the communities of Upland and portions of neighboring San Bernardino County.",2026-07-24 21:00,,uplandk12caus
SafePay,gvsurgicalarts.com,US,"Gallatin Valley Surgical Arts (GVSA) is a specialized healthcare provider headquartered in Bozeman, Montana, offering advanced oral and maxillofacial surgery, facial cosmetic surgery, reconstructive procedures, and dental implant services.",2026-07-24 21:03,,gvsurgicalartscom
SafePay,zinorm.de,DE,"Zimmermann Norm- und Verbindungstechnik GmbH is a German industrial supplier specializing in standard mechanical components, fastening technology, and engineering hardware.",2026-07-27 18:16,,zinormde
SafePay,moebelmayer.de,DE,"Zimmermann Norm- und Verbindungstechnik GmbH is a German industrial supplier specializing in standard mechanical components, fastening technology, and engineering hardware.",2026-07-27 18:19,,moebelmayerde
SafePay,paritaet-nrw.org,DE,Der Paritätische Wohlfahrtsverband – Landesverband Nordrhein-Westfalen e.V. (Paritätischer NRW) is one of Germany's largest non-profit social welfare organizations and serves as the regional association of the national Paritätischer Wohlfahrtsverband.,2026-07-27 18:23,,paritaet-nrworg
SafePay,haugbuersten.de,DE,"Haug Bürsten KG is a German manufacturer of professional hygiene brushes, industrial cleaning equipment, and household cleaning products headquartered in Königsbrunn, Bavaria.",2026-07-27 18:30,,haugbuerstende
SafePay,landesmuseum.de,DE,"The Badisches Landesmuseum is one of Germany's leading cultural and historical museums, located in Karlsruhe, Baden-Württemberg.",2026-07-27 18:32,,landesmuseumde
SafePay,hst.eu,DE,"HST Packing Machines GmbH & Co. KG is a German engineering company specializing in the design, manufacture, and global supply of automated tea bag and packaging machinery.",2026-07-27 18:34,,hsteu
SafePay,braywoodschool.co.uk,GB,"Braywood CE First School is a Church of England state primary school located in Oakley Green, Windsor, Berkshire, England.",2026-07-27 18:36,,braywoodschoolcouk
SafePay,weier.org,DE,"Horst Weier GmbH Industrievertretungen is a German industrial sales agency and technical distribution company headquartered in Bocholt, North Rhine-Westphalia.",2026-07-27 18:38,,weierorg
SafePay,bnpdist.com,US,"BNP Distributing Company, Inc. is a U.S. importer and wholesale distributor specializing in premium wines and selected spirits.",2026-07-27 18:40,,bnpdistcom
SafePay,azn.co.jp,JP,"Aoyama Zaisan Networks Co., Ltd. (AZN) is a leading Japanese property and wealth consulting company headquartered in Minato-ku, Tokyo.",2026-08-03 17:32,,azncojp
SafePay,southshorerecycling.com,US,"South Shore Recycling & Crushing LLC is an American recycling and construction materials company headquartered in Gibsonton, Florida.",2026-08-03 17:42,,southshorerecyclingcom
SafePay,cpu-ag.com,DE,"CPU Softwarehouse AG is a German information technology company specializing in software development, IT consulting, and digital transformation solutions for the banking and financial services industry.",2026-08-03 17:44,,cpu-agcom
SafePay,multiaqua.com,US,"Multiaqua, Inc. is an American manufacturer of advanced hydronic heating, cooling, and air-conditioning systems headquartered in Easley, South Carolina.",2026-08-03 17:46,,multiaquacom
SafePay,pradotuylaw.com,US,"Prado & Tuy, LLP is a boutique law firm based in California, United States, providing legal representation to individuals, businesses, and organizations across a broad range of civil litigation matters.",2026-08-03 17:48,,pradotuylawcom
SafePay,naskdoorinc.com,US,"Nask Door Inc. is an American company specializing in the installation, repair, maintenance, and replacement of residential, commercial, and industrial garage doors and garage door openers.",2026-08-03 17:50,,naskdoorinccom
SafePay,new-point.it,IT,"New Point S.p.A. is an Italian company specializing in the design, production, distribution, and wholesale supply of apparel, hosiery, underwear, and textile accessories.",2026-08-03 17:57,,new-pointit
SafePay,simonrack.com,ES,"SimonRack (Estanterías Simón S.L.) is a Spanish manufacturer specializing in metal storage systems, industrial shelving, workbenches, lockers, and storage solutions for commercial, industrial, and residential applications.",2026-08-03 18:01,,simonrackcom
SafePay,granjarinya.com,ES,"Formatgeria Granja Rinya S.L., operating under the Granja Rinya brand, is one of Spain's leading dairy producers specializing in cheese and dairy desserts.",2026-08-14 17:01,,granjarinyacom
SafePay,lagegepesca.it,IT,"La Ge Gè Pesca di Gavazzi Santo & C. S.r.l. is an Italian company specializing in the import, wholesale distribution, and retail sale of fish and seafood products.",2026-08-24 18:31,,lagegepescait
SafePay,industry.airliquide.kr,,"Air Liquide Korea Co., Ltd. is the South Korean subsidiary of Air Liquide, a global industrial and healthcare gases group headquartered in France.",2026-08-25 20:33,,industryairliquidekr
SafePay,recoverycafe.org,US,"Recovery Café is a U.S. nonprofit organization headquartered in Seattle, Washington, dedicated to providing long-term recovery support for people affected by trauma, homelessness, addiction, and mental-health challenges.",2026-09-08 18:17,,recoverycafeorg
SafePay,mcnishsteel.com,CA,McNish Steel Ltd. is a Canadian family-owned company specializing in the fabrication and installation of reinforcing steel (rebar) for the construction industry.,2026-09-08 18:20,,mcnishsteelcom
SafePay,palmettoeyeinstitute.com,US,"Palmetto Eye Institute is an independent ophthalmology practice located in Summerville, South Carolina, serving patients throughout the Berkeley, Dorchester, and surrounding counties.",2026-09-08 18:29,,palmettoeyeinstitutecom
SafePay,reichenau.at,,"Marktgemeinde Reichenau an der Rax is a municipal government in Lower Austria, Austria, responsible for the administration and provision of public services in the municipality of Reichenau an der Rax.",2026-09-08 18:33,,reichenauat
SafePay,cannonpuntana.com,AR,"Cannon Puntana S.A. was an Argentine consumer-products company associated with the cosmetics, personal-care, and household-products industry.",2026-09-08 18:36,,cannonpuntanacom
SafePay,assiprime.it,IT,"Assiprime 2020 S.r.l. is an Italian insurance and financial-services intermediary headquartered in Piacenza, Emilia-Romagna.",2026-09-08 19:00,,assiprimeit
SafePay,gayafores.es,ES,"Hijos de Francisco Gaya Fores S.L., operating under the Gayafores brand, is a Spanish manufacturer specializing in the production and commercialization of ceramic tiles and flooring and wall-covering products.",2026-09-08 19:03,,gayaforeses
SafePay,cenmar-manila.com,,"Century Maritime Agencies, Inc. (CENMAR) is a Philippine manning and crew-recruitment agency specializing in the recruitment, selection, training, and deployment of Filipino seafarers for international maritime employment.",2026-09-08 19:07,,cenmar-manilacom
SafePay,gsngestion.es,ES,GSN Gestión y Administración de Fincas S.L. is a Spanish company specializing in property management and administration of residential and commercial real estate.,2026-09-08 19:19,,gsngestiones
SafePay,hbpro.pt,PT,"HBPro – Informática e Serviços, Lda. is a Portuguese information-technology and telecommunications company headquartered in Amadora, in the Lisbon metropolitan area.",2026-09-08 19:23,,hbpropt
SafePay,marlinhvac.com,US,"Marlin Mechanical Inc. is a New York City-based mechanical contracting and HVAC services company specializing in heating, ventilation, and air-conditioning systems for commercial and residential customers.",2026-09-15 18:40,,marlinhvaccom
SafePay,neumerkel-gmbh.de,DE,"Neumerkel GmbH is a German, family-owned company based in Kirchheim unter Teck that specializes in promotional merchandise and industrial contract printing.",2026-09-15 18:42,,neumerkel-gmbhde
SafePay,triniticaring.org,US,Triniti Home Health & Hospice is a Minnesota-based faith-oriented nonprofit healthcare organization providing home health and hospice services to patients and families throughout the Minneapolis–Saint Paul metropolitan region and surrounding counties.,2026-09-15 18:47,,triniticaringorg
SafePay,laconcepcion.com.mx,MX,"Centro Hospitalario La Concepción is a privately operated hospital in Saltillo, Coahuila, Mexico, established in 1989.",2026-09-15 18:48,,laconcepcioncommx
SafePay,meterex.com,DE,"Karl Kuntze (GmbH & Co.), operating under the meterex brand, is a German manufacturer and supplier of measuring instruments and customized promotional products.",2026-09-15 18:50,,meterexcom
SafePay,stoecklin-kuechen.ch,CH,"Stöcklin Möbel AG is a Swiss family-owned manufacturer specializing in custom-designed kitchens, furniture and interior fittings.",2026-09-15 18:51,,stoecklin-kuechench
SafePay,ryomo.co.jp,JP,"Ryomo Systems Co., Ltd. (株式会社両毛システムズ) is a Japanese information technology company headquartered in Kiryu, Gunma Prefecture.",2026-09-15 18:53,,ryomocojp
SafePay,ara-lyss.ch,CH,ARA-Region Lyss-Limpachtal is a Swiss intermunicipal organization responsible for wastewater treatment and related infrastructure in the Lyss-Limpachtal region of the Canton of Bern.,2026-09-15 18:55,,ara-lyssch
SafePay,gob.pe,PE,"Gob.pe is the Plataforma Digital Única del Estado Peruano, the official unified digital platform of the Government of Peru.",2026-09-15 18:57,,gobpe
SafePay,lfgholding.com,CH,"LFG Holding SA is a Swiss financial-services holding company headquartered in Lugano, Canton of Ticino, with an additional presence in Zurich.",2026-09-28T07:06:58.362833+00:00,2026-10-01T20:00:00+00:00,lfgholdingcom
SafePay,fedelmundo.com.ph,,"Fe Del Mundo Medical Center (FDMMC) is a private multi-specialty hospital in Quezon City, Metro Manila, Philippines, providing healthcare services to both children and adults.",2026-09-28T07:10:44.477676+00:00,2026-10-01T20:00:00+00:00,fedelmundocomph
SafePay,bio-strath.com,CH,"Bio-Strath AG is a Swiss company headquartered in Zürich and specializing in the development, production and distribution of nutritional and health-support products based on yeast and plant ingredients.",2026-09-28T07:13:37.781049+00:00,2026-10-01T20:00:00+00:00,bio-strathcom
SafePay,sumperk.cz,CZ,"Město Šumperk is the municipal government responsible for the administration and provision of public services in the city of Šumperk, Czech Republic.",2026-09-28T07:19:45.443817+00:00,2026-10-01T20:00:00+00:00,sumperkcz
SafePay,eagroep.com,NL,"EEGA Groep is a Dutch organization focused on employment, personal development, career guidance and social participation.",2026-09-28T07:22:05.461999+00:00,2026-10-01T20:00:00+00:00,eagroepcom
SafePay,Holiday Inn Vilnius,,"Holiday Inn Vilnius is a full-service business and leisure hotel located in central Vilnius, Lithuania, within walking distance of the city's historic Old Town.",2026-09-28T07:25:10.903711+00:00,2026-10-01T20:00:00+00:00,holiday-inn-vilnius
SafePay,manno.ch,CH,"The Municipality of Manno is the local government authority responsible for administering the municipality of Manno in the Canton of Ticino, Switzerland.",2026-09-28T07:28:31.310954+00:00,2026-10-01T20:00:00+00:00,mannoch
SafePay,auromex.com,,"Auromex Co., Ltd. is a Thai industrial company specializing in electroplating chemicals, surface-finishing technologies, industrial cleaning solutions and related production systems.",2026-09-28T07:31:01.613287+00:00,2026-10-01T20:00:00+00:00,auromexcom
SafePay,cromados.com,ES,"Cromados Modernos S.L. is a Spanish manufacturing and commercial company headquartered in Cardeñadijo, Burgos, specializing in metal finishing and the production and distribution of bathroom, household and garden products.",2026-09-28T07:35:35.436440+00:00,2026-10-01T20:00:00+00:00,cromadoscom
